date,R01_rate_usd_mt,R02_rate_usd_mt,R03_rate_usd_mt,R04_rate_usd_mt,R05_rate_usd_mt,R06_rate_usd_mt,R07_rate_usd_mt,R08_rate_usd_mt,R09_rate_usd_mt,R10_rate_usd_mt,R11_rate_usd_mt,R12_rate_usd_mt,R13_rate_usd_mt,R14_rate_usd_mt,R15_rate_usd_mt,R16_rate_usd_mt,R17_rate_usd_mt,R18_rate_usd_mt,R19_rate_usd_mt,R20_rate_usd_mt
2023-08-26,15.95,14.86,15.61,14.42,11.29,13.43,11.42,18.19,17.17,17.9,16.43,25.95,26.38,18.54,20.7,34.68,15.67,14.6,10.84,16.58
2023-08-27,19.73,18.02,19.94,17.64,14.48,17.96,13.65,22.2,20.71,22.38,19.51,29.55,30.18,22.6,24.81,44.5,18.65,17.74,13.87,19.84
2023-08-28,24.56,21.79,25.13,21.44,18.64,23.89,16.34,26.86,24.53,27.57,22.97,33.76,34.27,31.51,29.75,57.05,22.35,21.5,17.51,23.49
2023-08-29,30.57,26.33,31.99,25.91,24.11,29.4,19.31,32.49,29.01,34.11,26.68,38.59,38.84,38.13,35.46,73.44,26.46,26.04,22.1,28
2023-08-30,37.5,31.66,35.4,31.19,25.5,29.4,22.92,39.21,34.48,41.4,31.29,44.22,44.55,45,42.13,78,31.28,31.31,24.6,33.21
2023-08-31,37.5,36,35.4,34.5,25.5,29.4,27.18,43.5,40.92,41.4,36.61,50.5,50.86,45,44.4,78,37.21,35.4,24.6,37.33
2023-09-01,37.5,36,35.4,34.5,25.5,29.4,27.6,43.5,42,41.4,40.5,57.2,57.88,45,44.4,78,38.4,35.4,24.6,40.5
2023-09-02,37.5,36,35.4,34.5,25.5,29.4,27.6,43.5,42,41.4,40.5,64.66,66.1,45,44.4,78,38.4,35.4,24.6,40.5
2023-09-03,37.5,36,35.4,34.5,25.5,29.4,27.6,43.5,42,41.4,40.5,66,67.5,45,44.4,78,38.4,35.4,24.6,40.5
2023-09-04,37.5,36,35.4,34.5,25.5,29.4,27.6,43.5,42,41.4,40.5,66,67.5,45,44.4,78,38.4,35.4,24.6,40.5
2023-09-05,37.5,36,35.4,34.5,25.5,29.4,27.6,43.5,42,41.4,40.5,66,67.5,45,44.4,78,38.4,35.4,24.6,40.5
2023-09-06,37.5,36,35.4,34.5,25.5,29.4,27.6,43.5,42,41.4,40.5,66,67.5,45,44.4,78,38.4,35.4,24.6,40.5
2023-09-07,37.5,36,35.4,34.5,25.5,29.4,27.6,43.5,42,41.4,40.5,66,67.5,45,44.4,78,38.4,35.4,24.6,40.5
2023-09-08,37.5,36,35.4,34.5,25.5,29.4,27.6,43.5,42,41.4,40.5,66,67.5,45,44.4,78,38.4,35.4,24.6,40.5
2023-09-09,37.5,36,35.4,34.5,25.5,29.4,27.6,43.5,42,41.4,40.5,66,67.5,45,44.4,78,38.4,35.4,24.6,40.5
2023-09-10,37.5,36,35.4,34.5,25.5,29.4,27.6,43.5,42,41.4,40.5,66,67.5,45,44.4,78,38.4,35.4,24.6,40.5
2023-09-11,37.5,36,35.4,34.5,25.5,29.4,27.6,43.5,42,41.4,40.5,66,67.5,45,44.4,78,38.4,35.4,24.6,40.5
2023-09-12,37.5,36,35.4,34.5,25.5,29.4,27.6,43.5,42,41.4,40.5,66,67.5,45,44.4,78,38.4,35.4,24.6,40.5
2023-09-13,37.5,36,35.4,34.5,25.5,29.4,27.6,43.5,42,41.4,40.5,66,67.5,45,44.4,78,38.4,35.4,24.6,40.5
2023-09-14,37.5,36,35.4,34.5,25.5,29.4,27.6,43.5,42,41.4,40.5,66,67.5,45,44.4,78,38.4,35.4,24.6,40.5
2023-09-15,37.5,36,35.4,34.5,25.5,29.4,27.6,43.5,42,41.4,40.5,66,67.5,45,44.4,78,38.4,35.4,24.6,40.5
2023-09-16,37.5,36,35.4,34.5,25.5,29.4,27.6,43.5,42,41.4,40.5,66,67.5,45,44.4,78,38.4,35.4,24.6,40.5
2023-09-17,37.5,36,35.4,34.5,25.5,29.4,27.6,43.5,42,41.4,40.5,66,67.5,45,44.4,78,38.4,35.4,24.6,40.5
2023-09-18,37.5,36,35.4,34.5,25.5,29.4,27.6,43.5,42,41.4,40.5,66,67.5,45,44.4,78,38.4,35.4,24.6,40.5
2023-09-19,37.5,36,35.4,34.5,25.5,29.4,27.6,43.5,42,41.4,40.5,66,67.5,45,44.4,78,38.4,35.4,24.6,40.5
2023-09-20,37.5,36,35.4,34.5,25.5,29.4,27.6,43.5,42,41.4,40.5,66,67.5,45,44.4,78,38.4,35.4,24.6,40.5
2023-09-21,37.5,36,35.4,34.5,25.5,29.4,27.6,43.5,42,41.4,40.5,66,67.5,45,44.4,78,38.4,35.4,24.6,40.5
2023-09-22,37.5,36,35.4,34.5,25.5,29.4,27.6,43.5,42,41.4,40.5,66,67.5,45,44.4,78,38.4,35.4,24.6,40.5
2023-09-23,37.5,36,35.4,34.5,25.5,29.4,27.6,43.5,42,41.4,40.5,66,67.5,45,44.4,78,38.4,35.4,24.6,40.5
2023-09-24,37.5,36,35.4,34.5,25.5,29.4,27.6,43.5,42,41.4,40.5,66,67.5,45,44.4,78,38.4,35.4,24.6,40.5
2023-09-25,37.5,36,35.4,34.5,25.5,29.4,27.6,43.5,42,41.4,40.5,66,67.5,45,44.4,78,38.4,35.4,24.6,40.5
2023-09-26,37.5,36,35.4,34.5,25.5,29.4,27.6,43.5,42,41.4,40.5,66,67.5,45,44.4,78,38.4,35.4,24.6,40.5
2023-09-27,37.5,36,35.4,34.5,25.5,29.4,27.6,43.5,42,41.4,40.5,66,67.5,45,44.4,78,38.4,35.4,24.6,40.5
2023-09-28,37.5,36,35.4,34.5,25.5,29.4,27.6,43.5,42,41.4,40.5,66,67.5,45,44.4,78,38.4,35.4,24.6,40.5
2023-09-29,37.5,36,35.4,34.5,25.5,29.4,27.6,43.5,42,41.4,40.5,66,67.5,45,44.4,78,38.4,35.4,24.6,40.5
2023-09-30,37.5,36,35.4,34.5,25.5,29.4,27.6,43.5,42,41.4,40.5,66,67.5,45,44.4,78,38.4,35.4,24.6,40.5
2023-10-01,37.5,36,35.4,34.5,25.5,29.4,27.6,43.5,42,41.4,40.5,66,67.5,45,44.4,78,38.4,35.4,24.6,40.5
2023-10-02,37.5,36,35.4,34.5,25.5,29.4,27.6,43.5,42,41.4,40.5,66,67.5,45,44.4,78,38.4,35.4,24.6,40.5
2023-10-03,37.5,36,35.4,34.5,25.5,29.4,27.6,43.5,42,41.4,40.5,66,67.5,45,44.4,78,38.4,35.4,24.6,40.5
2023-10-04,37.5,36,35.4,34.5,25.5,29.4,27.6,43.5,42,41.4,40.5,66,67.5,45,44.4,78,38.4,35.4,24.6,40.5
2023-10-05,37.5,36,35.4,34.5,25.5,29.4,27.6,43.5,42,41.4,40.5,66,67.5,45,44.4,78,38.4,35.4,24.6,40.5
2023-10-06,37.5,36,35.4,34.5,25.5,29.4,27.6,43.5,42,41.4,40.5,66,67.5,45,44.4,78,38.4,35.4,24.6,40.5
2023-10-07,37.5,36,35.4,34.5,25.5,29.4,27.6,43.5,42,41.4,40.5,66,67.5,45,44.4,78,38.4,35.4,24.6,40.5
2023-10-08,37.5,36,35.4,34.5,25.5,29.4,27.6,43.5,42,41.4,40.5,66,67.5,45,44.4,78,38.4,35.4,24.6,40.5
2023-10-09,37.5,36,35.4,34.5,25.5,29.4,27.6,43.5,42,41.4,40.5,66,67.5,45,44.4,78,38.4,35.4,24.6,40.5
2023-10-10,37.5,36,35.4,34.5,25.5,29.4,27.6,43.5,42,41.4,40.5,66,67.5,45,44.4,78,38.4,35.4,24.6,40.5
2023-10-11,37.5,36,35.4,34.5,25.5,29.4,27.6,43.5,42,41.4,40.5,66,67.5,45,44.4,78,38.4,35.4,24.6,40.5
2023-10-12,37.5,36,35.4,34.5,25.5,29.4,27.6,43.5,42,41.4,40.5,66,67.5,45,44.4,78,38.4,35.4,24.6,40.5
2023-10-13,37.5,36,35.4,34.5,25.5,29.4,27.6,43.5,42,41.4,40.5,66,67.5,45,44.4,78,38.4,35.4,24.6,40.5
2023-10-14,37.5,36,35.4,34.5,25.5,29.4,27.6,43.5,42,41.4,40.5,66,67.5,45,44.4,78,38.4,35.4,24.6,40.5
2023-10-15,37.5,36,35.4,34.5,25.5,29.4,27.6,43.5,42,41.4,40.5,66,67.5,45,44.4,78,38.4,35.4,24.6,40.5
2023-10-16,37.5,36,35.4,34.5,25.5,29.4,27.6,43.5,42,41.4,40.5,66,67.5,45,44.4,78,38.4,35.4,24.6,40.5
2023-10-17,37.5,36,35.4,34.5,25.5,29.4,27.6,43.5,42,41.4,40.5,66,67.5,45,44.4,78,38.4,35.4,24.6,40.5
2023-10-18,37.5,36,35.4,34.5,25.5,29.4,27.6,43.5,42,41.4,40.5,66,67.5,45,44.4,78,38.4,35.4,24.6,40.5
2023-10-19,37.5,36,35.4,34.5,25.5,29.4,27.6,43.5,42,41.4,40.5,66,67.5,45,44.4,78,38.4,35.4,24.6,40.5
2023-10-20,37.5,36,35.4,34.5,25.5,29.4,27.6,43.5,42,41.4,40.5,66,67.5,45,44.4,78,38.4,35.4,24.6,40.5
2023-10-21,37.5,36,35.4,34.5,25.5,29.4,27.6,43.5,42,41.4,40.5,66,67.5,45,44.4,78,38.4,35.4,24.6,40.5
2023-10-22,37.5,36,35.4,34.5,25.5,29.4,27.6,43.5,42,41.4,40.5,66,67.5,45,44.4,78,38.4,35.4,24.6,40.5
2023-10-23,37.5,36,35.4,34.5,25.5,29.4,27.6,43.5,42,41.4,40.5,66,67.5,45,44.4,78,38.4,35.4,24.6,40.5
2023-10-24,37.5,36,35.4,34.5,25.5,29.4,27.6,43.5,42,41.4,40.5,66,67.5,45,44.4,78,38.4,35.4,24.6,40.5
2023-10-25,37.5,36,35.4,34.5,25.5,29.4,27.6,43.5,42,41.4,40.5,66,67.5,45,44.4,78,38.4,35.4,24.6,40.5
2023-10-26,37.5,36,35.4,34.5,25.5,29.4,27.6,43.5,42,41.4,40.5,66,67.5,45,44.4,78,38.4,35.4,24.6,40.5
2023-10-27,37.5,36,35.4,34.5,25.5,29.4,27.6,43.5,42,41.4,40.5,66,67.5,45,44.4,78,38.4,35.4,24.6,40.5
2023-10-28,37.5,36,35.4,34.5,25.5,29.4,27.6,43.5,42,41.4,40.5,66,67.5,45,44.4,78,38.4,35.4,24.6,40.5
2023-10-29,37.5,36,35.4,34.5,25.5,29.4,27.6,43.5,42,41.4,40.5,66,67.5,45,44.4,78,38.4,35.4,24.6,40.5
2023-10-30,37.5,36,35.4,34.5,25.5,29.4,27.6,43.5,42,41.4,40.5,66,67.5,45,44.4,78,38.4,35.4,24.6,40.5
2023-10-31,37.5,36,35.4,34.5,25.5,29.4,27.6,43.5,42,41.4,40.5,66,67.5,45,44.4,78,36.35,35.4,24.6,40.5
2023-11-01,37.5,36,35.4,34.5,25.5,29.4,27.6,43.5,42,41.4,40.5,66,67.5,45,44.4,78,37.28,35.4,24.6,40.5
2023-11-02,37.5,36,35.4,34.5,25.5,29.4,27.6,43.5,42,41.4,40.5,66,67.5,45,44.4,78,37.84,35.4,24.6,40.5
2023-11-03,37.5,36,35.4,34.5,25.5,29.4,27.6,43.5,42,41.4,40.5,66,67.5,45,44.4,78,38.4,35.4,24.6,40.5
2023-11-04,37.5,36,35.4,34.5,25.5,29.4,27.6,43.5,42,41.4,40.5,66,67.5,45,44.4,78,38.4,35.4,24.6,40.5
2023-11-05,37.5,36,35.4,34.5,25.5,29.4,27.6,43.5,42,41.4,40.5,66,67.5,45,44.4,78,38.4,35.4,24.6,40.5
2023-11-06,37.5,36,35.4,34.5,25.5,29.4,27.6,43.5,42,41.4,40.5,66,67.5,45,44.4,78,38.4,35.4,24.6,40.5
2023-11-07,37.5,34.19,35.4,34.5,25.5,29.4,27.6,43.5,42,41.4,40.5,66,67.5,45,44.4,78,38.4,35.4,24.6,40.5
2023-11-08,37.5,35.08,35.4,34.5,25.5,29.4,27.6,43.5,42,41.4,40.5,66,67.5,45,44.4,78,38.4,35.4,24.6,40.5
2023-11-09,37.5,35.73,35.4,34.5,25.5,29.4,27.6,43.5,42,41.4,40.5,66,67.5,45,44.4,78,38.4,35.4,24.6,40.5
2023-11-10,37.5,36,35.4,34.5,25.5,29.4,27.6,43.5,42,41.4,40.5,66,67.5,45,44.4,78,38.4,35.4,24.6,40.5
2023-11-11,37.5,36,35.4,34.5,25.5,29.4,27.6,43.5,42,41.4,40.5,66,67.5,45,44.4,78,38.4,35.4,24.6,40.5
2023-11-12,37.5,36,35.4,34.5,25.5,29.4,27.6,43.5,42,41.4,40.5,66,67.5,45,44.4,78,38.4,35.4,24.6,40.5
2023-11-13,37.5,36,35.4,34.5,25.5,29.4,27.6,43.5,42,41.4,40.5,66,67.5,45,44.4,78,38.4,35.4,24.6,40.5
2023-11-14,37.5,36,35.4,34.5,25.5,29.4,27.6,43.5,42,41.4,40.5,66,67.5,45,44.4,78,38.4,35.4,24.6,40.5
2023-11-15,37.5,36,35.4,34.5,25.5,29.4,27.6,43.5,42,41.4,40.5,66,63.77,45,44.4,78,38.4,35.4,24.6,40.5
2023-11-16,37.5,36,35.4,34.5,25.5,29.4,27.6,43.5,42,41.4,40.5,66,65.56,45,44.4,78,36.69,35.4,24.6,40.5
2023-11-17,37.5,36,35.4,34.5,25.5,29.4,27.6,43.5,42,41.4,40.5,66,66.96,45,44.4,78,37.62,35.4,24.6,40.5
2023-11-18,37.5,36,35.4,34.5,25.5,29.4,27.6,43.5,42,41.4,40.5,66,67.5,45,44.4,78,38.4,35.4,24.6,40.5
2023-11-19,37.5,36,35.4,34.5,25.5,29.4,27.6,43.5,42,41.4,40.5,66,67.5,45,44.4,78,38.4,35.4,24.6,40.5
2023-11-20,37.5,36,35.4,34.5,25.5,29.4,27.6,43.5,42,41.4,40.5,66,67.5,45,44.4,78,38.4,35.4,24.6,40.5
2023-11-21,37.5,36,35.4,34.5,25.5,29.4,27.6,43.5,42,41.4,40.5,66,67.5,45,44.4,78,38.4,35.4,24.6,40.5
2023-11-22,37.5,36,35.4,34.5,25.5,29.4,27.6,43.5,42,41.4,40.5,66,67.5,45,44.4,78,38.4,35.4,24.6,40.5
2023-11-23,37.5,36,35.4,34.5,25.5,29.4,27.6,43.5,42,41.4,40.5,66,67.5,45,44.4,78,38.4,35.4,24.6,40.5
2023-11-24,37.5,36,35.4,34.5,25.5,29.4,27.6,43.5,42,41.4,40.5,66,67.5,45,44.4,78,38.4,35.4,24.6,40.5
2023-11-25,37.5,36,35.4,34.5,25.5,29.4,27.6,43.5,42,41.4,40.5,66,67.5,45,44.4,78,38.4,35.4,24.6,40.5
2023-11-26,37.5,36,35.4,34.5,25.5,29.4,27.6,43.5,42,41.4,40.5,66,67.5,45,44.4,78,38.4,35.4,24.6,40.5
2023-11-27,37.5,36,35.4,34.5,25.5,29.4,27.6,43.5,42,41.4,40.5,66,67.5,45,44.4,78,38.4,35.4,24.6,40.5
2023-11-28,37.5,36,35.4,34.5,25.5,29.4,27.6,43.5,42,41.4,40.5,66,62.25,45,44.4,78,38.4,35.4,24.6,40.5
2023-11-29,37.5,36,35.4,34.5,25.5,29.4,27.6,43.5,42,41.4,40.5,66,62.89,45,44.4,78,38.4,35.4,24.6,40.5
2023-11-30,37.5,36,35.4,34.5,25.5,29.4,27.6,43.5,42,41.4,40.5,66,63.38,45,44.4,78,38.4,35.4,24.6,40.5
2023-12-01,37.5,36,35.4,34.5,25.5,29.4,27.6,43.5,42,41.4,40.5,66,64.87,45,44.4,78,38.4,35.4,24.6,40.5
2023-12-02,37.5,36,35.4,34.5,25.5,29.4,27.6,43.5,42,41.4,40.5,66,65.4,45,44.4,78,38.4,35.4,24.6,40.5
2023-12-03,37.5,36,35.4,34.5,25.5,29.4,27.6,43.5,42,41.4,40.5,66,66.24,45,44.4,78,38.4,35.4,24.6,40.5
2023-12-04,37.5,34.3,35.4,34.5,25.5,29.4,27.6,43.5,42,41.4,40.5,66,66.86,45,44.4,78,38.4,35.4,24.6,40.5
2023-12-05,37.5,35.61,35.4,34.5,25.5,29.4,27.6,43.5,42,41.4,40.5,66,67.5,45,44.4,78,38.4,35.4,24.6,40.5
2023-12-06,37.5,36,35.4,34.5,25.5,29.4,27.6,43.5,42,41.4,40.5,66,67.5,45,44.4,78,38.4,35.4,24.6,40.5
2023-12-07,37.5,36,35.4,34.5,25.5,28.51,27.6,43.5,42,41.4,40.5,66,67.5,45,44.4,78,38.4,35.4,24.6,40.5
2023-12-08,37.5,36,35.4,34.5,25.5,29.4,27.6,43.5,42,41.4,40.46,66,67.5,45,44.4,78,38.4,35.4,24.6,39.58
2023-12-09,37.5,36,35.4,34.5,25.5,29.4,27.6,43.5,42,41.4,40.5,66,67.5,45,44.4,78,38.4,35.4,24.6,40.34
2023-12-10,37.5,36,35.4,34.5,25.5,29.4,27.6,43.5,42,41.4,40.5,66,67.5,45,44.4,78,38.4,35.4,24.6,40.5
2023-12-11,37.5,36,35.4,34.5,25.5,29.4,27.6,43.5,42,41.4,40.5,66,67.5,45,44.4,78,38.4,35.4,24.6,40.5
2023-12-12,37.5,36,35.4,34.5,25.5,29.4,27.6,43.5,42,41.4,40.5,66,67.5,45,44.4,78,38.4,35.4,24.6,40.5
2023-12-13,37.5,36,35.4,34.5,25.5,29.4,27.6,43.5,42,41.4,40.5,66,67.5,45,44.4,78,38.4,35.4,24.6,40.5
2023-12-14,37.5,36,35.4,34.5,25.5,29.4,27.6,43.5,42,41.4,40.5,66,67.5,45,44.4,78,38.4,35.4,24.6,40.5
2023-12-15,37.5,36,35.4,34.5,25.5,29.4,27.6,43.5,42,41.4,40.5,66,67.5,45,44.4,78,38.4,35.4,24.6,40.5
2023-12-16,37.5,36,35.4,34.5,25.5,29.4,27.6,43.5,42,41.4,40.5,66,67.5,45,44.4,78,38.4,35.4,24.6,40.5
2023-12-17,37.5,36,35.4,34.5,25.5,29.4,27.6,43.5,42,41.4,40.5,66,67.5,45,44.4,78,38.4,35.4,24.6,40.5
2023-12-18,37.5,36,35.4,34.5,25.5,29.4,27.6,43.5,42,41.4,40.5,66,67.5,45,44.4,78,38.4,35.4,24.6,40.5
2023-12-19,37.5,36,35.4,34.5,25.5,29.4,27.6,43.5,42,41.4,40.5,62.04,67.5,45,44.4,78,38.4,35.4,24.6,40.5
2023-12-20,37.5,36,35.4,34.5,25.5,29.4,27.6,43.5,42,41.4,40.5,62.53,67.5,45,44.4,78,38.4,35.4,24.6,40.5
2023-12-21,37.5,36,35.4,34.5,25.5,29.4,27.6,43.5,42,41.4,40.5,63.08,67.5,45,44.4,78,38.4,35.4,24.6,40.5
2023-12-22,37.5,36,35.4,34.5,25.5,29.4,27.6,43.5,42,41.4,40.5,63.79,67.5,45,44.4,78,38.4,35.4,24.6,40.5
2023-12-23,37.5,36,35.4,34.5,25.5,29.4,27.6,43.5,42,41.4,40.5,65.62,67.5,45,44.4,78,38.4,35.4,24.6,40.5
2023-12-24,37.5,36,35.4,34.5,25.5,29.4,27.6,43.5,42,41.4,40.5,66,67.5,45,44.4,78,38.4,35.4,24.6,40.5
2023-12-25,37.5,36,35.4,34.5,25.5,29.4,27.6,43.5,42,41.4,40.5,66,67.5,45,44.4,78,38.4,35.4,24.6,40.5
2023-12-26,37.5,36,35.4,34.5,25.5,29.4,27.6,43.5,42,41.4,40.5,66,67.5,45,44.4,78,38.4,35.4,24.6,40.5
2023-12-27,37.5,36,35.4,34.5,25.5,29.4,27.6,43.5,42,41.4,40.5,66,67.5,45,44.4,78,38.4,35.4,24.6,40.5
2023-12-28,37.5,36,35.4,34.5,25.5,29.4,27.6,43.5,42,41.4,40.5,66,67.5,45,44.4,78,38.4,35.4,24.6,40.5
2023-12-29,37.5,36,35.4,34.5,25.5,29.4,27.6,43.5,42,41.4,40.5,66,67.5,45,44.4,78,38.4,35.4,24.6,40.5
2023-12-30,37.5,36,35.4,34.5,25.5,29.4,27.6,43.5,42,41.4,40.5,66,67.5,45,44.4,78,38.4,35.4,24.6,40.5
2023-12-31,37.5,36,35.4,34.5,25.5,29.4,27.6,43.5,42,41.4,40.5,66,67.5,45,44.4,78,38.4,35.4,24.6,40.5
2024-01-01,34.61,32.44,32.64,31.67,23.51,27.09,24.98,39.09,38.71,38.17,36.63,59.59,60.83,40.58,40.09,71.93,35.29,32.45,22.58,37.1
2024-01-02,31.76,29.8,29.32,28.69,21.69,24.54,22.58,35.25,34.91,34.47,33.77,53.88,56.09,36.65,36.84,64.83,31.97,29.3,20.34,33.38
2024-01-03,28.76,27.34,26.95,25.97,19.52,22.65,20.76,32.61,31.66,31.7,31.19,48.83,51.87,33.82,33.85,58.6,29.01,26.86,18.76,30.84
2024-01-04,26.59,24.69,24.87,23.84,17.67,20.47,18.66,29.5,28.68,29.09,28.07,44.07,47.84,31.1,30.7,52.84,26.59,24.26,16.85,27.8
2024-01-05,24.1,22.87,23.02,21.48,16.32,18.92,17.12,27.19,25.83,26.77,25.47,39.83,43.92,28.81,27.67,48.68,24.44,22.35,15.6,25.27
2024-01-06,21.89,20.64,20.78,19.95,14.78,17.42,15.4,25.19,23.72,24.08,23.4,36.02,40.63,26.73,25.07,43.85,22.56,20.29,14.11,23.47
2024-01-07,19.97,17.44,18.72,18.49,13.6,16.01,14.04,22.89,21.45,22.25,21.69,32.58,36.56,24.79,22.74,40.67,20.76,18.52,12.84,21.71
2024-01-08,18.25,16.18,17.45,16.73,12.38,14.81,13.07,20.64,19.76,20.52,19.6,29.53,33.15,22.94,20.75,37.4,18.72,16.87,11.57,20.11
2024-01-09,16.69,14.7,16.31,15.37,11.14,13.73,12.03,19.16,17.81,18.65,17.86,27.05,30.52,21.29,19.12,33.81,17.13,15.38,10.46,18.13
2024-01-10,15.37,13.63,15.2,13.99,10.1,12.7,10.92,17.42,16.18,17.03,16.54,24.64,27.84,19.51,17.6,31.05,15.57,13.91,9.47,16.6
2024-01-11,13.9,12.53,13.95,12.61,9.12,11.62,9.95,16.11,15.01,15.62,15.52,22.23,25.66,18.21,16.03,28.59,14.17,12.72,8.79,15.36
2024-01-12,12.76,11.33,12.93,11.54,8.41,10.74,9.3,14.88,13.86,14.42,14.59,20.31,23.14,16.42,14.63,26.34,13.03,11.72,8.01,13.9
2024-01-13,12.03,10.61,11.99,10.61,7.79,9.72,8.71,13.74,12.79,13.12,13.58,19.11,21.34,15.17,13.4,23.93,12.29,11.06,7.3,13.1
2024-01-14,11.1,9.63,11.13,9.7,7.3,8.82,7.86,12.95,11.87,11.85,12.39,17.63,19.56,13.81,12.43,22.48,11.53,10.17,6.83,12.06
2024-01-15,10.45,8.91,10.51,9.11,6.65,7.99,7.43,12.12,10.98,11,11.53,16.14,18.29,12.78,11.67,20.51,10.46,9.36,6.23,11.19
2024-01-16,9.7,8.25,9.56,8.57,6.19,7.41,6.89,11.21,10,10.19,10.7,14.7,16.99,12.05,11.02,19.08,9.67,8.83,5.88,10.39
2024-01-17,8.92,7.51,8.89,7.88,5.61,6.87,6.36,10.31,9.11,9.28,9.71,13.55,15.81,11.1,10.13,17.64,8.94,7.99,5.49,9.67
2024-01-18,8.24,6.88,8.17,7.26,5.3,6.24,6,9.34,8.46,8.68,9.24,12.58,14.79,10.13,9.63,16.33,8.31,7.46,5.11,9.06
2024-01-19,7.79,6.27,7.8,6.7,4.91,5.99,5.57,8.56,7.95,8.16,11.08,11.79,13.54,9.39,9.02,15.48,7.8,6.85,4.74,8.62
2024-01-20,7.11,5.86,7.42,6.29,4.61,5.61,5.24,7.78,7.68,7.67,10.5,11,12.7,8.63,8.34,14.62,7.26,6.45,4.58,7.9
2024-01-21,6.72,5.56,6.81,5.92,4.34,5.24,4.77,7.2,7.03,7.27,9.52,10.47,11.8,8.14,7.82,13.68,6.9,5.93,4.27,7.37
2024-01-22,6.37,5.32,6.34,5.55,4,4.88,4.37,6.8,6.77,6.82,8.63,9.83,10.79,7.63,7.55,13.01,6.49,5.57,3.95,6.75
2024-01-23,6.02,4.93,5.9,5.32,3.75,4.47,4.08,6.46,6.27,6.22,7.98,9.45,10.33,7.1,7.15,12.15,6.14,5.43,3.72,6.16
2024-01-24,5.53,4.8,5.56,5,3.58,4.18,3.87,5.89,5.96,6.1,7.31,9.17,9.47,6.61,6.73,11.53,5.62,4.95,3.44,5.79
2024-01-25,5.11,4.8,5.24,4.78,3.4,3.92,3.68,5.8,5.67,5.89,6.88,8.81,9,6.47,6.52,11.18,5.12,4.72,3.4,5.4
2024-01-26,5,4.8,4.94,4.6,3.4,3.92,3.68,5.8,5.6,5.62,6.31,8.8,9,6.19,6.28,10.88,5.12,4.72,3.29,5.4
2024-01-27,5,4.8,4.72,4.6,3.4,3.92,3.68,5.8,5.6,5.52,5.94,8.8,9,6,6.02,10.52,5.12,4.72,3.28,5.4
2024-01-28,5,4.8,4.72,4.6,3.4,3.92,3.68,5.8,5.6,5.52,5.6,8.8,9,6,5.92,10.4,5.12,4.72,3.28,5.4
2024-01-29,5,4.8,4.72,4.6,3.4,3.92,3.68,8.83,5.6,5.52,5.4,8.8,9,6,5.92,10.4,5.12,4.72,3.28,5.4
2024-01-30,5,4.8,4.72,4.6,3.4,3.92,3.68,8.23,5.6,5.52,5.4,8.8,9,6,5.92,10.4,5.12,4.72,3.28,5.4
2024-01-31,5,4.8,4.72,4.6,3.4,3.92,3.68,7.93,5.6,5.52,5.4,8.8,9,6,5.92,10.4,5.12,4.72,3.28,5.4
2024-02-01,5,4.8,4.72,4.6,3.4,3.92,3.68,7.24,5.6,5.52,5.4,8.8,9,6,5.92,10.4,5.12,4.72,3.28,5.4
2024-02-02,5,4.8,4.72,4.6,3.4,3.92,3.68,6.91,5.6,5.52,5.4,8.8,9,6,5.92,10.4,5.12,4.72,3.28,5.4
2024-02-03,5,4.8,4.72,4.6,3.4,3.92,3.68,6.29,5.6,5.52,5.4,8.8,9,6,5.92,10.4,5.12,4.72,3.28,5.4
2024-02-04,5,4.8,4.72,4.6,3.4,3.92,3.68,5.86,5.6,5.52,5.4,8.8,9,6,5.92,10.4,5.12,4.72,3.28,5.4
2024-02-05,5,4.8,4.72,4.6,3.4,3.92,3.68,5.8,5.6,5.52,5.4,8.8,9,6,5.92,10.4,5.12,4.72,3.28,5.4
2024-02-06,5,4.8,4.72,4.6,3.4,3.92,3.68,5.8,5.6,5.52,5.4,8.8,9,6,5.92,10.4,5.12,4.72,3.28,5.4
2024-02-07,5,4.8,4.72,4.6,3.4,3.92,3.68,5.8,5.6,5.52,5.4,8.8,9,6,5.92,10.4,5.12,4.72,3.28,5.4
2024-02-08,5,4.8,4.72,4.6,3.4,3.92,3.68,5.8,5.6,5.52,5.4,8.8,9,6,5.92,10.4,5.12,4.72,3.28,5.4
2024-02-09,5,4.8,4.72,4.6,3.4,3.92,3.68,5.8,5.6,5.52,5.4,8.8,9,6,5.92,10.4,5.12,4.72,3.28,5.4
2024-02-10,5,4.8,4.72,4.6,3.4,3.92,3.68,5.8,5.6,5.52,5.4,8.8,9,6,5.92,10.4,5.12,4.72,3.28,5.4
2024-02-11,5,4.8,4.72,4.6,3.4,3.92,3.68,5.8,5.6,5.52,5.4,8.8,9,6,8.41,10.4,5.12,4.72,3.28,5.4
2024-02-12,5,4.8,4.72,4.6,3.4,3.92,3.68,5.8,5.6,5.52,5.4,8.8,9,6,7.69,10.4,5.12,4.72,3.28,5.4
2024-02-13,5,4.8,4.72,4.6,3.4,3.92,3.68,5.8,5.6,5.52,5.4,8.8,9,6,7.39,10.4,5.12,4.72,3.28,5.4
2024-02-14,5,4.8,4.72,4.6,3.4,3.92,3.68,5.8,5.6,5.52,5.4,8.8,9,6,6.89,10.4,5.12,4.72,3.28,5.4
2024-02-15,5,4.8,4.72,4.6,3.4,3.92,3.68,5.8,5.6,5.52,5.4,8.8,9,6,6.55,10.4,5.12,4.72,3.28,5.4
2024-02-16,5,4.8,4.72,4.6,3.4,3.92,3.68,5.8,5.6,5.52,5.4,8.8,9,6,6.32,10.4,5.12,4.72,3.28,5.4
2024-02-17,5,4.8,4.72,4.6,3.4,3.92,3.68,5.8,5.6,5.52,5.4,8.8,9,6,5.96,10.4,5.12,4.72,3.28,5.4
2024-02-18,5,4.8,4.72,4.6,3.4,3.92,3.68,5.8,5.6,5.52,5.4,8.8,9,6,5.92,10.4,5.12,4.72,3.28,5.4
2024-02-19,5,4.8,4.72,4.6,3.4,3.92,3.68,5.8,5.6,5.52,5.4,8.8,9,6,5.92,10.4,5.12,4.72,3.28,5.4
2024-02-20,5,4.8,4.72,4.6,3.4,3.92,3.68,5.8,5.6,5.52,5.4,8.8,9,6,5.92,10.4,5.12,4.72,3.28,5.4
2024-02-21,5,4.8,4.72,4.6,3.4,3.92,3.68,5.8,5.6,5.52,5.4,8.8,9,6,5.92,10.4,5.12,4.72,3.28,5.4
2024-02-22,5,4.8,4.72,4.6,3.4,3.92,3.68,5.8,5.6,5.52,5.4,8.8,9,6,5.92,10.4,5.12,4.72,3.28,5.4
2024-02-23,5,4.8,4.72,4.6,3.4,3.92,3.68,5.8,5.6,5.52,5.4,8.8,9,6,5.92,10.4,5.12,4.72,3.28,5.4
2024-02-24,5,4.8,4.72,4.6,3.4,3.92,3.68,5.8,5.6,5.52,5.4,8.8,9,6,5.92,10.4,5.12,4.72,3.28,5.4
2024-02-25,5,4.8,4.72,4.6,3.4,3.92,3.68,5.8,5.6,5.52,5.4,8.8,9,6,5.92,10.4,5.12,4.72,3.28,5.4
2024-02-26,5,4.8,4.72,4.6,3.4,3.92,3.68,5.8,5.6,5.52,5.4,8.8,9,6,5.92,10.4,5.12,4.72,3.28,5.4
2024-02-27,5,4.8,4.72,4.6,3.4,3.92,3.68,5.8,5.6,5.52,5.4,8.8,9,6,5.92,10.4,5.12,4.72,3.28,5.4
2024-02-28,5,4.8,4.72,4.6,3.4,3.92,3.68,5.8,5.6,5.52,5.4,8.8,9,6,5.92,10.4,5.12,4.72,3.28,5.4
2024-02-29,5,4.8,4.72,4.6,3.4,3.92,3.68,5.8,5.6,5.52,5.4,8.8,9,6,5.92,10.4,5.12,4.72,3.28,5.4
2024-03-01,5,5.11,5.03,4.72,3.45,3.97,3.75,5.96,5.83,5.52,5.63,9.34,9.69,6.22,6.02,11.17,5.12,4.8,3.28,5.65
2024-03-02,5.12,5.32,5.21,4.85,3.61,4.08,3.79,6.26,6.2,5.61,5.77,9.3,9.86,6.26,6.22,11.52,5.38,4.78,3.42,5.8
2024-03-03,5.51,5.49,5.35,4.93,3.83,4.25,3.86,6.42,6.52,5.69,5.95,9.73,10.14,6.64,6.4,12.09,5.65,4.75,3.5,5.98
2024-03-04,5.8,5.82,5.36,5.08,3.82,4.47,4.02,6.68,6.78,5.96,6.11,9.89,10.59,6.81,6.7,12.07,5.8,4.95,3.7,6.38
2024-03-05,5.72,5.98,5.43,5.3,3.98,4.49,4.11,7.09,6.74,6.23,6.2,10.01,10.94,6.94,6.88,12.71,6.02,5.07,3.83,6.67
2024-03-06,5.97,6.14,5.64,5.41,4.09,4.67,4.2,7.22,6.99,6.37,6.48,10.43,10.86,7.17,6.94,13.52,6.05,5.19,3.94,6.61
2024-03-07,6.07,6.21,5.89,5.48,4.13,4.61,4.45,7.61,7.23,6.78,6.9,10.33,10.85,7.1,7.07,13.97,6.22,5.36,4.02,6.95
2024-03-08,6.21,6.13,6.01,5.42,4.07,4.59,4.7,7.83,7.68,6.99,7.25,10.52,11.23,7.29,7.2,14.26,6.44,5.34,4.12,7.06
2024-03-09,6.39,6.26,5.95,5.55,4.19,4.61,4.91,8.11,7.63,7.32,7.67,10.44,11.93,7.49,7.54,14.67,6.45,5.72,4.12,7.29
2024-03-10,6.72,6.39,6.15,5.77,4.33,4.91,5.15,8.24,7.66,7.47,7.69,10.77,12.09,7.64,7.75,14.56,6.48,5.77,4.24,7.26
2024-03-11,6.95,6.54,6.31,5.87,4.34,4.95,5.28,5.82,7.84,7.76,7.59,10.68,12.36,8.03,7.96,15.22,6.47,5.96,4.45,7.45
2024-03-12,7.27,6.85,6.25,6.17,4.49,5.25,5.57,6.09,7.73,7.96,7.78,10.83,12.33,7.95,8.38,15.06,6.68,5.96,4.45,7.77
2024-03-13,7.3,6.99,6.53,6.48,4.75,5.52,5.84,6.21,7.95,7.94,7.96,11.01,12.81,8.05,8.65,15.49,6.88,6.12,4.69,7.93
2024-03-14,7.47,6.96,6.87,6.68,5.01,5.67,5.86,6.15,8.16,8.34,8.4,11.13,12.94,8.18,9.05,15.69,7.28,6.2,4.78,8.12
2024-03-15,7.62,7.18,7.25,6.83,5.01,5.74,5.84,6.3,8.29,8.25,8.48,11.56,13.26,8.66,9.52,15.89,7.19,6.32,4.79,7.98
2024-03-16,7.8,7.36,7.5,6.77,5.27,5.79,6.11,6.33,8.53,8.15,8.63,11.4,13.27,8.58,9.7,16.35,7.44,6.29,4.96,8.14
2024-03-17,8.14,7.33,7.61,6.87,5.28,6.05,6.22,6.74,8.77,8.28,8.64,11.73,16.47,8.92,9.9,16.99,7.38,6.31,5.15,8.51
2024-03-18,8.4,7.66,7.51,6.86,5.47,6.15,6.37,6.97,8.71,8.34,8.53,11.87,16.27,9.22,10.21,17.85,7.5,6.5,5.38,8.88
2024-03-19,8.45,7.87,7.53,7.06,5.42,6.26,6.32,6.96,8.63,8.45,8.75,12,16.92,9.63,10.07,17.95,7.84,6.56,5.28,8.8
2024-03-20,8.82,7.76,7.67,6.99,5.37,6.15,6.4,7.32,12.51,8.84,9.05,11.87,16.71,10.1,10.21,18.81,8.15,6.67,5.2,8.77
2024-03-21,8.66,7.75,7.9,7.15,5.65,6.08,6.48,7.53,12.24,9.21,8.96,12.36,16.42,9.92,10.43,18.57,8.02,6.87,5.14,8.91
2024-03-22,8.71,8.1,8.01,7.35,5.69,6.06,6.76,7.75,12.3,9.3,8.95,12.88,16.33,10.08,10.86,18.41,8.18,6.98,5.16,9.02
2024-03-23,9.02,8.38,8.32,7.26,5.89,6.28,6.76,7.82,12.18,9.51,9.07,13.11,16.88,9.97,10.78,18.68,8.43,6.91,5.1,9.44
2024-03-24,9.15,8.39,8.56,7.47,6.04,6.47,6.91,7.97,12.6,9.37,9.22,13.12,17.3,10.32,10.89,19.27,8.57,7.03,5.36,9.85
2024-03-25,9.28,8.66,8.94,7.65,6.24,6.36,7,8.28,12.63,9.53,9.37,13.35,17.75,10.81,11.2,19.13,8.51,7.19,5.46,10.28
2024-03-26,9.1,8.8,8.93,7.57,6.29,6.41,7.22,8.5,12.45,9.68,9.49,14.02,18.04,10.86,11.45,19.02,8.57,7.42,5.43,10.09
2024-03-27,9.48,8.64,9.05,7.88,6.46,6.64,7.33,8.6,12.82,9.54,9.74,14.49,18.26,11.11,11.57,19.52,8.68,7.65,5.5,10.03
2024-03-28,9.41,8.75,9.27,8.26,6.45,6.54,7.19,8.55,13.01,9.61,9.73,14.71,18.01,11.44,11.85,19.98,8.79,7.6,5.63,10.41
2024-03-29,9.82,8.85,9.25,8.22,6.36,6.66,7.32,9,13.43,9.79,9.96,15.17,17.82,11.33,12.28,20.74,8.78,7.85,5.63,10.48
2024-03-30,10.2,8.67,9.23,8.32,6.29,6.84,7.5,9.27,13.19,9.86,10.09,15.76,17.84,11.52,12.31,20.68,8.94,7.86,5.65,10.75
2024-03-31,10.17,8.51,9.11,8.37,6.22,6.8,7.56,9.38,13.07,10.14,10.04,16.47,18.58,11.92,12.22,20.59,8.83,8.24,5.82,10.91
2024-04-01,11.05,9.75,10.19,9.34,7.13,7.76,8.23,10.59,14.87,11.49,11.16,18.14,20.18,13.36,13.45,23.46,9.83,9.19,6.63,11.9
2024-04-02,12.13,10.75,11.36,10.31,7.8,8.86,9.06,11.88,16.8,12.52,12.31,20.05,23.02,14.57,15.32,26.61,10.75,10.42,7.51,13.08
2024-04-03,13.15,11.61,12.74,11.64,8.85,9.86,9.84,12.95,18.34,14.18,13.51,22.39,25.68,15.69,16.69,29,11.6,11.74,8.53,14.63
2024-04-04,14.79,12.81,13.96,12.8,9.83,10.64,10.95,14.43,20.5,15.83,15.04,25.22,28.76,17.21,18.81,31.83,13.14,12.79,9.27,16.33
2024-04-05,16.05,14.49,15.08,13.91,10.72,11.54,12.16,16.05,22.1,17.6,16.82,27.64,32.43,18.65,20.89,35.32,14.17,14.45,10.03,18.47
2024-04-06,17.24,15.58,16.81,15.05,12.03,12.53,13.09,17.98,24.86,19.84,18.87,29.71,36.41,20.24,22.49,38.13,15.84,15.62,10.77,20.03
2024-04-07,18.55,16.76,18.08,16.45,13.51,14.06,14.69,19.3,26.73,22.2,21.05,32.17,40.48,22.8,25.04,42.28,17.27,16.8,11.6,21.76
2024-04-08,20.88,18.2,19.51,17.64,15.12,15.74,15.86,21.75,28.85,24.9,23.68,36.13,45.3,24.64,26.93,45.33,19.3,18.08,12.47,23.36
2024-04-09,23.17,19.71,21.91,19.65,16.93,16.93,17.59,23.35,32.08,30.99,25.56,40.53,50.55,27.45,30.08,50.39,20.79,20.26,13.47,25.11
2024-04-10,25.67,21.38,24.35,21.83,18.13,18.92,18.91,26.25,35.57,33.5,27.49,43.94,56.16,29.63,33.48,61.03,23.04,21.86,14.48,27.11
2024-04-11,27.6,23.7,26.22,23.37,20.21,17.84,20.32,29.32,39.62,35.93,29.53,47.29,60.27,33.2,35.87,65.4,24.93,24.39,15.66,30.17
2024-04-12,29.85,25.63,29.05,25.9,21.61,19.94,22.66,31.52,42,39.8,31.85,52.67,67.26,36.87,38.59,70.02,26.91,27.13,17.49,33.74
2024-04-13,32.15,28.56,32.46,28.82,23.32,21.38,24.4,34.9,42,41.4,35.27,58.31,67.5,40.98,41.5,75.52,28.92,30.06,18.87,37.65
2024-04-14,34.58,30.69,34.97,31.91,24.94,23.9,27.09,38.79,42,41.4,39.23,64.66,67.5,43.95,44.4,78,31.21,32.41,21,40.5
2024-04-15,37.27,34,35.4,34.19,25.5,25.63,27.6,43.04,42,41.4,40.5,66,67.5,45,44.4,78,34.86,34.83,23.29,40.5
2024-04-16,37.5,36,35.4,34.5,25.5,27.49,27.6,43.5,42,41.4,40.5,66,67.5,45,44.4,78,38.4,35.4,24.6,40.5
2024-04-17,37.5,36,35.4,34.5,25.5,29.4,27.6,43.5,42,41.4,40.5,66,67.5,45,44.4,78,38.4,35.4,24.6,40.5
2024-04-18,37.5,36,35.4,34.5,25.5,29.4,27.6,43.5,42,41.4,40.5,66,67.5,45,44.4,78,38.4,35.4,24.6,40.5
2024-04-19,37.5,36,35.4,34.5,25.5,29.4,27.6,43.5,42,41.4,40.5,66,67.5,45,44.4,78,38.4,35.4,24.6,40.5
2024-04-20,37.5,36,35.4,34.5,25.5,29.4,27.6,43.5,42,41.4,40.5,66,67.5,45,44.4,78,38.4,35.4,24.6,40.5
2024-04-21,37.5,36,35.4,34.5,25.5,29.4,27.6,43.5,42,41.4,40.5,66,67.5,45,44.4,78,38.4,35.4,24.6,40.5
2024-04-22,37.5,36,35.4,34.5,25.5,29.4,27.6,43.5,42,41.4,40.5,66,67.5,45,44.4,78,38.4,35.4,24.6,40.5
2024-04-23,37.5,36,35.4,34.5,25.5,29.4,27.6,43.5,42,41.4,40.5,66,67.5,45,44.4,78,38.4,35.4,24.6,40.5
2024-04-24,37.5,36,35.4,34.5,25.5,29.4,27.6,43.5,42,41.4,40.5,66,67.5,45,44.4,78,38.4,35.4,24.6,40.5
2024-04-25,37.5,36,35.4,34.5,25.5,29.4,27.6,43.5,42,41.4,40.5,66,67.5,45,44.4,78,38.4,35.4,24.6,40.5
2024-04-26,37.5,36,35.4,34.5,25.5,29.4,27.6,43.5,42,41.4,40.5,66,67.5,45,44.4,78,38.4,35.4,24.6,40.5
2024-04-27,37.5,36,35.4,34.5,25.5,29.4,27.6,43.5,42,41.4,40.5,66,67.5,45,44.4,78,38.4,35.4,24.6,40.5
2024-04-28,37.5,36,35.4,34.5,25.5,29.4,27.6,43.5,42,41.4,40.5,66,67.5,45,44.4,78,38.4,35.4,24.6,40.5
2024-04-29,37.5,36,35.4,34.5,25.5,29.4,27.6,43.5,42,41.4,40.5,66,67.5,45,44.4,78,38.4,35.4,24.6,40.5
2024-04-30,37.5,36,35.4,34.5,25.5,29.4,27.6,43.5,42,41.4,40.5,66,67.5,45,44.4,78,38.4,35.4,24.6,40.5
2024-05-01,37.5,36,35.4,34.5,25.5,29.4,27.6,43.5,42,41.4,40.5,66,67.5,45,44.4,78,38.4,35.4,24.6,40.5
2024-05-02,37.5,36,35.4,34.5,25.5,29.4,27.6,43.5,42,41.4,40.5,66,67.5,45,44.4,78,38.4,35.4,24.6,40.5
2024-05-03,37.5,36,35.4,34.5,25.5,29.4,27.6,43.5,42,41.4,40.5,66,67.5,45,44.4,78,38.4,35.4,24.6,40.5
2024-05-04,37.5,36,35.4,34.5,25.5,29.4,27.6,43.5,42,41.4,40.5,66,67.5,45,44.4,78,38.4,35.4,24.6,40.5
2024-05-05,37.5,36,35.4,34.5,25.5,29.4,27.6,43.5,42,41.4,40.5,66,67.5,45,44.4,78,38.4,35.4,24.6,40.5
2024-05-06,37.5,36,35.4,34.5,25.5,29.4,27.6,43.5,42,41.4,40.5,66,67.5,45,44.4,78,38.4,35.4,24.6,40.5
2024-05-07,37.5,36,35.4,34.5,25.5,29.4,27.6,43.5,42,41.4,40.5,66,67.5,45,44.4,78,38.4,35.4,24.6,40.5
2024-05-08,37.5,36,35.4,34.5,25.5,29.4,27.6,43.5,42,41.4,40.5,66,67.5,45,44.4,78,38.4,35.4,24.6,40.5
2024-05-09,37.5,36,35.4,34.5,25.5,29.4,27.6,43.5,42,41.4,40.5,66,67.5,45,44.4,78,38.4,35.4,24.6,40.5
2024-05-10,37.5,36,35.4,34.5,25.5,29.4,27.6,43.5,42,41.4,40.5,66,67.5,45,44.4,78,38.4,35.4,24.6,40.5
2024-05-11,37.5,36,35.4,34.5,25.5,29.4,27.6,43.5,42,41.4,40.5,66,67.5,45,44.4,78,38.4,35.4,24.6,40.5
2024-05-12,37.5,36,35.4,34.5,25.5,29.4,27.6,43.5,42,41.4,40.5,66,67.5,45,44.4,78,38.4,35.4,24.6,40.5
2024-05-13,37.5,36,35.4,34.5,25.5,29.4,27.6,43.5,42,41.4,40.5,66,67.5,45,44.4,78,38.4,35.4,24.6,40.5
2024-05-14,37.5,36,35.4,34.5,25.5,29.4,27.6,43.5,42,41.4,40.5,66,67.5,45,44.4,78,38.4,35.4,24.6,40.5
2024-05-15,37.5,36,35.4,34.5,25.5,29.4,27.6,43.5,42,41.4,40.5,66,67.5,45,44.4,78,38.4,35.4,24.6,40.5
2024-05-16,37.5,36,35.4,34.5,25.5,29.4,27.6,43.5,42,41.4,40.5,66,67.5,45,44.4,78,38.4,35.4,24.6,40.5
2024-05-17,37.5,36,35.4,34.5,25.5,29.4,27.6,43.5,42,41.4,40.5,66,67.5,45,44.4,78,38.4,35.4,24.6,40.5
2024-05-18,37.5,36,35.4,34.5,25.5,29.4,27.6,43.5,42,41.4,40.5,66,67.5,45,44.4,78,38.4,35.4,24.6,40.5
2024-05-19,37.5,36,35.4,34.5,25.5,29.4,27.6,43.5,42,41.4,40.5,66,67.5,45,44.4,78,38.4,35.4,24.6,40.5
2024-05-20,37.5,36,35.4,34.5,25.5,29.4,27.6,43.5,42,41.4,40.5,66,67.5,45,44.4,78,38.4,35.4,24.6,40.5
2024-05-21,37.5,36,35.4,34.5,25.5,29.4,27.6,43.5,42,41.4,40.5,66,67.5,45,44.4,78,38.4,35.4,24.6,40.5
2024-05-22,37.5,36,35.4,34.5,25.5,29.4,27.6,43.5,42,41.4,40.5,66,67.5,45,44.4,78,38.4,35.4,24.6,40.5
2024-05-23,37.5,36,35.4,34.5,25.5,29.4,27.6,43.5,42,41.4,40.5,66,67.5,45,44.4,78,38.4,35.4,24.6,40.5
2024-05-24,37.5,36,35.4,34.5,25.5,29.4,27.6,43.5,42,41.4,40.5,66,67.5,45,44.4,78,38.4,35.4,24.6,40.5
2024-05-25,37.5,36,35.4,34.5,25.5,29.4,27.6,43.5,42,41.4,40.5,66,67.5,45,44.4,78,38.4,35.4,24.6,40.5
2024-05-26,37.5,36,35.4,34.5,25.5,29.4,27.6,43.5,42,41.4,40.5,66,67.5,45,44.4,78,38.4,35.4,24.6,40.5
2024-05-27,37.5,36,35.4,34.5,25.5,29.4,27.6,43.5,42,41.4,40.5,66,67.5,45,44.4,78,38.4,35.4,24.6,40.5
2024-05-28,37.5,36,35.4,34.5,25.5,29.4,27.6,43.5,42,41.4,40.5,66,67.5,45,44.4,78,38.4,35.4,24.6,40.5
2024-05-29,37.5,36,35.4,34.5,25.5,29.4,27.6,43.5,42,41.4,40.5,66,67.5,45,44.4,78,38.4,35.4,24.6,40.5
2024-05-30,37.5,36,35.4,34.5,25.5,29.4,27.6,42.18,42,41.4,40.5,66,67.5,45,44.4,78,38.4,35.4,24.6,40.5
2024-05-31,37.5,36,35.4,34.5,25.5,29.4,27.6,43.5,42,41.4,40.5,66,67.5,45,44.4,78,38.4,35.4,24.6,40.5
2024-06-01,37.5,36,35.4,34.5,25.5,29.4,27.6,43.5,42,41.4,40.5,66,67.5,45,44.4,78,38.4,35.4,24.6,40.5
2024-06-02,37.5,36,35.4,34.5,25.5,29.4,27.6,43.5,42,41.4,40.5,66,67.5,45,44.4,78,38.4,35.4,24.6,40.5
2024-06-03,37.5,36,35.4,34.5,25.5,29.4,27.6,43.5,42,41.4,40.5,66,67.5,45,44.4,78,38.4,35.4,24.6,40.5
2024-06-04,37.5,36,35.4,34.5,25.5,29.4,27.6,43.5,42,41.4,40.5,66,67.5,45,44.4,78,38.4,35.4,24.6,40.5
2024-06-05,37.5,36,35.4,34.5,25.5,29.4,27.6,43.5,42,41.4,40.5,66,67.5,45,44.4,78,38.4,35.4,24.6,40.5
2024-06-06,37.5,36,35.4,34.5,25.5,29.4,27.6,43.5,42,41.4,40.5,66,67.5,45,44.4,78,38.4,35.4,24.6,40.5
2024-06-07,37.5,36,35.4,34.5,25.5,29.4,27.6,43.5,42,41.4,40.5,66,67.5,45,44.4,78,38.4,35.4,24.6,40.5
2024-06-08,37.5,36,35.4,34.5,25.5,29.4,27.6,43.5,42,41.4,40.5,66,67.5,45,44.4,78,38.4,35.4,24.6,40.5
2024-06-09,37.5,36,35.4,34.5,25.5,29.4,27.6,43.5,42,41.4,40.5,66,67.5,45,44.4,78,38.4,35.4,24.6,40.5
2024-06-10,37.5,36,35.4,34.5,25.5,29.4,27.6,43.5,42,41.4,40.5,66,67.5,45,44.4,78,38.4,35.4,24.6,40.5
2024-06-11,37.5,36,35.4,34.5,25.5,29.4,27.6,43.5,42,41.4,40.5,66,67.5,45,44.4,78,38.4,35.4,24.6,40.5
2024-06-12,37.5,36,35.4,34.5,25.5,29.4,27.6,43.5,42,41.4,40.5,66,67.5,45,44.4,78,38.4,35.4,24.6,40.5
2024-06-13,37.5,36,35.4,34.5,25.5,29.4,27.6,43.5,42,41.4,40.5,66,67.5,45,44.4,78,38.4,35.4,24.6,40.5
2024-06-14,37.5,36,35.4,34.5,25.5,29.4,27.6,43.5,42,41.4,40.5,66,67.5,45,44.4,78,38.4,35.4,24.6,40.5
2024-06-15,37.5,36,35.4,34.5,25.5,29.4,27.6,43.5,42,41.4,40.5,66,67.5,45,44.4,78,38.4,35.4,24.6,40.5
2024-06-16,37.5,36,35.4,34.5,25.5,29.4,27.6,43.5,42,41.4,40.5,66,67.5,45,44.4,78,38.4,35.4,24.6,40.5
2024-06-17,37.5,36,35.4,34.5,25.5,29.4,27.6,43.5,42,41.4,40.5,66,67.5,45,44.4,78,38.4,35.4,24.6,40.5
2024-06-18,37.5,36,35.4,34.5,25.5,29.4,27.6,43.5,42,41.4,40.5,66,67.5,45,44.4,78,38.4,35.4,24.6,40.5
2024-06-19,37.5,36,35.4,34.5,25.5,29.4,27.6,43.5,42,41.4,40.5,66,67.5,45,44.4,78,38.4,35.4,24.6,40.5
2024-06-20,37.5,36,35.4,34.5,25.5,29.4,27.6,43.5,42,41.4,40.5,66,67.5,45,44.4,78,38.4,35.4,24.6,40.5
2024-06-21,37.5,36,35.4,34.5,25.5,29.4,27.6,43.5,42,41.4,40.5,66,67.5,45,44.4,78,38.4,35.4,24.6,40.5
2024-06-22,37.5,36,35.4,34.5,25.5,29.4,27.6,43.5,42,41.4,40.5,66,67.5,45,44.4,78,38.4,35.4,24.6,40.5
2024-06-23,37.5,36,35.4,34.5,25.5,29.4,27.6,43.5,42,41.4,40.5,66,67.5,45,44.4,78,38.4,35.4,24.6,40.5
2024-06-24,37.5,36,35.4,34.5,25.5,29.4,27.6,43.5,42,41.4,40.5,66,67.5,45,44.4,78,38.4,35.4,24.6,40.5
2024-06-25,37.5,36,35.4,34.5,25.5,29.4,27.6,43.5,42,41.4,40.5,66,67.5,45,44.4,78,38.4,35.4,24.6,40.5
2024-06-26,37.5,36,35.4,34.5,25.5,29.4,27.6,43.5,42,41.4,40.5,66,67.5,45,44.4,78,38.4,35.4,24.6,40.5
2024-06-27,37.5,36,35.4,34.5,25.5,29.4,27.6,43.5,42,41.4,40.5,66,67.5,45,44.4,78,38.4,35.4,24.6,40.5
2024-06-28,37.5,36,35.4,34.5,25.5,29.4,27.6,43.5,42,41.4,40.5,66,67.5,45,44.4,78,38.4,35.4,24.6,40.5
2024-06-29,37.5,36,35.4,34.5,25.5,29.4,27.6,43.5,42,41.4,40.5,66,67.5,45,44.4,78,38.4,35.4,24.6,40.5
2024-06-30,37.5,36,35.4,34.5,25.5,29.4,27.6,43.5,42,41.4,40.5,66,67.5,45,44.4,78,38.4,35.4,24.6,40.5
2024-07-01,37.5,36,35.4,34.5,25.5,29.4,27.6,43.5,42,41.4,40.5,66,67.5,45,44.4,78,38.4,35.4,24.6,40.5
2024-07-02,37.5,36,35.4,34.5,25.5,29.4,27.6,43.5,42,41.4,40.5,66,67.5,45,44.4,78,38.4,35.4,24.6,40.5
2024-07-03,37.5,36,35.4,34.5,25.5,29.4,27.6,43.5,42,41.4,40.5,66,67.5,45,44.4,78,38.4,35.4,24.6,40.5
2024-07-04,37.5,36,35.4,34.5,25.5,29.4,27.6,43.5,42,41.4,40.5,66,67.5,45,44.4,78,38.4,35.4,24.6,40.5
2024-07-05,37.5,36,35.4,34.5,25.5,29.4,27.6,43.5,42,41.4,40.5,66,67.5,45,44.4,78,38.4,35.4,24.6,40.5
2024-07-06,37.5,36,35.4,34.5,25.5,29.4,27.6,43.5,42,41.4,40.5,66,67.5,45,44.4,78,38.4,35.4,24.6,40.5
2024-07-07,37.5,36,35.4,34.5,25.5,29.4,27.6,43.5,42,41.4,40.5,66,67.5,45,44.4,78,38.4,35.4,24.6,40.5
2024-07-08,37.5,36,35.4,34.5,25.5,29.4,27.6,43.5,42,41.4,40.5,66,67.5,45,44.4,78,38.4,35.4,24.6,40.5
2024-07-09,37.5,36,35.4,34.5,25.5,29.4,27.6,43.5,42,41.4,40.5,66,67.5,45,44.4,78,38.4,35.4,24.6,40.5
2024-07-10,37.5,36,35.4,34.5,25.5,29.4,27.6,43.5,42,41.4,40.5,66,67.5,45,44.4,78,38.4,35.4,24.6,40.5
2024-07-11,37.5,36,35.4,34.5,25.5,29.4,27.6,43.5,42,41.4,40.5,66,67.5,45,44.4,78,38.4,35.4,24.6,40.5
2024-07-12,37.5,36,35.4,34.5,25.5,29.4,27.6,43.5,42,41.4,40.5,66,67.5,45,44.4,78,38.4,35.4,24.6,40.5
2024-07-13,37.5,36,35.4,34.5,25.5,29.4,27.6,43.5,42,41.4,40.5,66,67.5,45,44.4,78,38.4,35.4,24.6,40.5
2024-07-14,37.5,36,35.4,34.5,25.5,29.4,27.6,43.5,42,41.4,40.5,66,67.5,45,44.4,78,38.4,35.4,24.6,40.5
2024-07-15,37.5,36,35.4,34.5,25.5,29.4,27.6,43.5,42,41.4,40.5,66,67.5,45,44.4,78,38.4,35.4,24.6,40.5
2024-07-16,37.5,36,35.4,34.5,25.5,29.4,27.6,43.5,42,41.4,40.5,66,67.5,45,44.4,78,38.4,35.4,24.6,40.5
2024-07-17,37.5,36,35.4,34.5,25.5,29.4,27.6,43.5,42,41.4,40.5,66,67.5,45,44.4,78,38.4,35.4,24.6,40.5
2024-07-18,37.5,36,35.4,34.5,25.5,29.4,27.6,43.5,42,41.4,40.5,66,67.5,45,44.4,78,38.4,35.4,24.6,40.5
2024-07-19,37.5,36,35.4,34.5,25.5,29.4,27.6,43.5,42,41.4,40.5,66,67.5,45,44.4,78,38.4,35.4,24.6,40.5
2024-07-20,37.5,36,35.4,34.5,25.5,29.4,27.6,43.5,42,41.4,40.5,66,67.5,45,44.4,78,38.4,35.4,24.6,40.5
2024-07-21,37.5,36,35.4,34.5,25.5,29.4,27.6,43.5,42,41.4,40.5,66,67.5,45,44.4,78,38.4,35.4,24.6,40.5
2024-07-22,37.5,36,35.4,34.5,25.5,29.4,27.6,43.5,42,41.4,40.5,66,67.5,45,44.4,78,38.4,35.4,24.6,40.5
2024-07-23,37.5,36,35.4,34.5,25.5,29.4,27.6,43.5,42,41.4,40.5,66,67.5,45,44.4,78,38.4,35.4,24.6,40.5
2024-07-24,37.5,36,35.4,34.5,25.5,29.4,27.6,43.5,42,41.4,40.5,66,67.5,45,44.4,78,38.4,35.4,24.6,40.5
2024-07-25,37.5,36,35.4,34.5,25.5,29.4,27.6,43.5,42,41.4,40.5,66,67.5,45,44.4,78,38.4,35.4,24.6,40.5
2024-07-26,37.5,36,35.4,34.5,25.5,29.4,27.6,43.5,42,41.4,40.5,66,67.5,45,44.4,78,38.4,35.4,24.6,40.5
2024-07-27,37.5,36,35.4,34.5,25.5,29.4,27.6,43.5,42,41.4,40.5,66,67.5,45,44.4,78,38.4,35.4,24.6,40.5
2024-07-28,37.5,36,35.4,34.5,25.5,29.4,27.6,43.5,42,41.4,40.5,66,67.5,45,44.4,78,38.4,35.4,24.6,40.5
2024-07-29,37.5,36,35.4,34.5,25.5,29.4,27.6,43.5,42,41.4,40.5,66,67.5,45,44.4,78,38.4,35.4,24.6,40.5
2024-07-30,37.5,36,35.4,34.5,25.5,29.4,27.6,43.5,42,41.4,40.5,66,67.5,45,44.4,78,38.4,35.4,24.6,40.5
2024-07-31,37.5,36,35.4,34.5,25.5,29.4,27.6,43.5,42,41.4,40.5,66,67.5,45,44.4,78,38.4,35.4,24.6,40.5
2024-08-01,37.5,36,35.4,34.5,25.5,29.4,27.6,43.5,42,41.4,40.5,66,67.5,45,44.4,78,38.4,35.4,24.6,40.5
2024-08-02,37.5,36,35.4,34.5,25.5,29.4,27.6,43.5,42,41.4,40.5,66,67.5,45,44.4,78,38.4,35.4,24.6,40.5
2024-08-03,37.5,36,35.4,34.5,25.5,29.4,27.6,43.5,42,41.4,40.5,66,67.5,45,44.4,78,38.4,35.4,24.6,40.5
2024-08-04,37.5,36,35.4,34.5,25.5,29.4,27.6,43.5,42,41.4,40.5,66,67.5,45,44.4,78,38.4,35.4,24.6,40.5
2024-08-05,37.5,36,35.4,34.5,25.5,29.4,27.6,43.5,42,41.4,40.5,66,67.5,45,44.4,78,38.4,35.4,24.6,40.5
2024-08-06,37.5,36,35.4,34.5,25.5,29.4,27.6,43.5,42,41.4,40.5,66,67.5,45,44.4,78,38.4,35.4,24.6,40.5
2024-08-07,37.5,36,35.4,34.5,25.5,29.4,27.6,43.5,42,41.4,40.5,66,67.5,45,44.4,78,38.4,35.4,24.6,40.5
2024-08-08,37.5,36,35.4,34.5,25.5,29.4,27.6,43.5,42,41.4,40.5,66,67.5,45,44.4,78,38.4,35.4,24.6,40.5
2024-08-09,37.5,36,35.4,34.5,25.5,29.4,27.6,43.5,42,41.4,40.5,66,67.5,45,44.4,78,38.4,35.4,24.6,40.5
2024-08-10,37.5,36,35.4,34.5,25.5,29.4,27.6,43.5,42,41.4,40.5,66,67.5,45,44.4,78,38.4,35.4,24.6,40.5
2024-08-11,37.5,36,35.4,34.5,25.5,29.4,27.6,43.5,42,41.4,40.5,66,67.5,45,44.4,78,38.4,35.4,24.6,40.5
2024-08-12,37.5,36,35.4,34.5,25.5,29.4,27.6,43.5,42,41.4,40.5,66,67.5,45,44.4,78,38.4,35.4,24.6,40.5
2024-08-13,37.5,36,35.4,34.5,25.5,29.4,27.6,43.5,42,41.4,40.5,66,67.5,45,44.4,78,38.4,35.4,24.6,40.5
2024-08-14,37.5,36,35.4,34.5,25.5,29.4,27.6,43.5,42,41.4,40.5,66,67.5,45,44.4,78,38.4,35.4,24.6,40.5
2024-08-15,37.5,36,35.4,34.5,25.5,29.4,27.6,43.5,42,41.4,40.5,66,67.5,45,44.4,78,38.4,35.4,24.6,40.5
2024-08-16,37.5,36,35.4,34.5,25.5,29.4,27.6,43.5,42,41.4,40.5,66,67.5,45,44.4,78,38.4,35.4,24.6,40.5
2024-08-17,37.5,36,35.4,34.5,25.5,29.4,27.6,43.5,42,41.4,40.5,66,67.5,45,44.4,78,38.4,35.4,24.6,40.5
2024-08-18,37.5,36,35.4,34.5,25.5,29.4,27.6,43.5,42,41.4,40.5,66,67.5,45,44.4,78,38.4,35.4,24.6,40.5
2024-08-19,37.5,36,35.4,34.5,25.5,29.4,27.6,43.5,42,41.4,40.5,66,67.5,45,44.4,78,38.4,35.4,24.6,40.5
2024-08-20,37.5,36,35.4,34.5,25.5,29.4,27.6,43.5,42,41.4,40.5,66,67.5,45,44.4,78,38.4,35.4,24.6,40.5
2024-08-21,37.5,36,35.4,34.5,25.5,29.4,27.6,43.5,42,41.4,40.5,66,67.5,45,44.4,78,38.4,35.4,24.6,40.5
2024-08-22,37.5,36,35.4,34.5,25.5,29.4,27.6,43.5,42,41.4,40.5,66,67.5,45,44.4,78,38.4,35.4,24.6,40.5
2024-08-23,37.5,36,35.4,34.5,25.5,29.4,27.6,43.5,42,41.4,40.5,66,67.5,45,44.4,78,38.4,35.4,24.6,40.5
2024-08-24,37.5,36,35.4,34.5,25.5,29.4,27.6,43.5,42,41.4,40.5,66,67.5,45,44.4,78,38.4,35.4,24.6,40.5
2024-08-25,37.5,36,35.4,34.5,25.5,29.4,27.6,43.5,42,41.4,40.5,66,67.5,45,44.4,78,38.4,35.4,24.6,40.5
2024-08-26,37.5,36,35.4,34.5,25.5,29.4,27.6,43.5,42,41.4,40.5,66,67.5,45,44.4,78,38.4,35.4,24.6,40.5
2024-08-27,37.5,36,35.4,34.5,25.5,29.4,27.6,43.5,42,41.4,40.5,66,67.5,45,44.4,78,38.4,35.4,24.6,40.5
2024-08-28,37.5,36,35.4,34.5,25.5,29.4,27.6,43.5,42,41.4,40.5,66,67.5,45,44.4,78,38.4,35.4,24.6,40.5
2024-08-29,37.5,36,35.4,34.5,25.5,29.4,27.6,43.5,42,41.4,40.5,66,67.5,45,44.4,78,38.4,35.4,24.6,40.5
2024-08-30,37.5,36,35.4,34.5,25.5,29.4,27.6,43.5,42,41.4,40.5,66,67.5,45,44.4,78,38.4,35.4,24.6,40.5
2024-08-31,37.5,36,35.4,34.5,25.5,29.4,27.6,43.5,42,41.4,40.5,66,67.5,45,44.4,78,38.4,35.4,24.6,40.5
2024-09-01,37.5,36,35.4,34.5,25.5,29.4,27.6,43.5,42,41.4,40.5,66,67.5,45,44.4,78,38.4,35.4,24.6,40.5
2024-09-02,37.5,36,35.4,34.5,25.5,29.4,27.6,43.5,42,41.4,40.5,66,67.5,45,44.4,78,38.4,35.4,24.6,40.5
2024-09-03,37.5,36,35.4,34.5,25.5,29.4,27.6,43.5,42,41.4,40.5,66,67.5,45,44.4,78,38.4,35.4,24.6,40.5
2024-09-04,37.5,36,35.4,34.5,25.5,29.4,27.6,43.5,42,41.4,40.5,66,67.5,45,44.4,78,38.4,35.4,24.6,40.5
2024-09-05,37.5,36,35.4,34.5,25.5,29.4,27.6,43.5,42,41.4,40.5,66,67.5,45,44.4,78,38.4,35.4,24.6,40.5
2024-09-06,37.5,36,35.4,34.5,25.5,29.4,27.6,43.5,42,41.4,40.5,66,67.5,45,44.4,78,38.4,35.4,24.6,40.5
2024-09-07,37.5,36,35.4,34.5,25.5,29.4,27.6,43.5,42,41.4,40.5,66,67.5,45,44.4,78,38.4,35.4,24.6,40.5
2024-09-08,37.5,36,35.4,34.5,25.5,29.4,27.6,43.5,42,41.4,40.5,66,67.5,45,44.4,78,38.4,35.4,24.6,40.5
2024-09-09,37.5,36,35.4,34.5,25.5,29.4,27.6,43.5,42,41.4,40.5,66,67.5,45,44.4,78,38.4,35.4,24.6,40.5
2024-09-10,37.5,36,35.4,34.5,25.5,29.4,27.6,43.5,42,41.4,40.5,66,67.5,45,44.4,78,38.4,35.4,24.6,40.5
2024-09-11,37.5,36,35.4,34.5,25.5,29.4,27.6,43.5,42,41.4,40.5,66,67.5,45,44.4,78,38.4,35.4,24.6,40.5
2024-09-12,37.5,36,35.4,34.5,25.5,29.4,27.6,43.5,42,41.4,40.5,66,67.5,45,44.4,78,38.4,35.4,24.6,40.5
2024-09-13,37.5,36,35.4,34.5,25.5,29.4,27.6,43.5,42,41.4,40.5,66,67.5,45,44.4,78,38.4,35.4,24.6,40.5
2024-09-14,37.5,36,35.4,34.5,25.5,29.4,27.6,43.5,42,41.4,40.5,66,67.5,45,44.4,78,38.4,35.4,24.6,40.5
2024-09-15,37.5,36,35.4,34.5,25.5,29.4,27.6,43.5,42,41.4,40.5,66,67.5,45,44.4,78,38.4,35.4,24.6,40.5
2024-09-16,37.5,36,35.4,34.5,25.5,29.4,27.6,43.5,42,41.4,40.5,66,67.5,45,44.4,78,38.4,35.4,24.6,40.5
2024-09-17,37.5,36,35.4,34.5,25.5,29.4,27.6,43.5,42,41.4,40.5,66,67.5,45,44.4,78,38.4,35.4,24.6,40.5
2024-09-18,37.5,36,35.4,34.5,25.5,29.4,27.6,43.5,42,41.4,40.5,66,67.5,45,44.4,78,38.4,35.4,24.6,40.5
2024-09-19,37.5,36,35.4,34.5,25.5,29.4,27.6,43.5,42,41.4,40.5,66,67.5,45,44.4,78,38.4,35.4,24.6,40.5
2024-09-20,37.5,36,35.4,34.5,25.5,29.4,27.6,43.5,42,41.4,40.5,66,67.5,45,44.4,78,38.4,35.4,24.6,40.5
2024-09-21,37.5,36,35.4,34.5,25.5,29.4,27.6,43.5,42,41.4,40.5,66,67.5,45,44.4,78,38.4,35.4,24.6,40.5
2024-09-22,37.5,36,35.4,34.5,25.5,29.4,27.6,43.5,42,41.4,40.5,66,67.5,45,44.4,78,38.4,35.4,24.6,40.5
2024-09-23,37.5,36,35.4,34.5,25.5,29.4,27.6,43.5,42,41.4,40.5,66,67.5,45,44.4,78,38.4,35.4,24.6,40.5
2024-09-24,37.5,36,35.4,34.5,25.5,29.4,27.6,43.5,42,41.4,40.5,66,67.5,45,44.4,78,38.4,35.4,24.6,40.5
2024-09-25,37.5,36,35.4,34.5,25.5,29.4,27.6,43.5,42,41.4,40.5,66,67.5,45,44.4,78,38.4,35.4,24.6,40.5
2024-09-26,37.5,36,35.4,34.5,25.5,29.4,27.6,43.5,42,41.4,40.5,66,67.5,45,44.4,78,38.4,35.4,24.6,40.5
2024-09-27,37.5,36,35.4,34.5,25.5,29.4,27.6,43.5,42,41.4,40.5,66,67.5,45,44.4,78,38.4,35.4,24.6,40.5
2024-09-28,37.5,36,35.4,34.5,25.5,29.4,27.6,43.5,42,41.4,40.5,66,67.5,45,44.4,78,38.4,35.4,24.6,40.5
2024-09-29,37.5,36,35.4,34.5,25.5,29.4,27.6,43.5,42,41.4,40.5,66,67.5,45,44.4,78,38.4,35.4,24.6,40.5
2024-09-30,37.5,36,35.4,34.5,25.5,29.4,27.6,43.5,42,41.4,40.5,66,67.5,45,44.4,78,38.4,35.4,24.6,40.5
2024-10-01,37.5,36,35.4,34.5,25.5,29.4,27.43,43.5,42,41.4,40.5,66,67.09,45,44.4,78,38.4,35.4,24.6,40.5
2024-10-02,37.5,36,35.4,34.5,25.5,29.4,27.6,43.5,42,41.4,40.5,65.42,67.5,45,44.4,78,38.37,35.4,24.6,40.5
2024-10-03,37.5,36,35.4,34.5,25.5,29.4,27.6,43.5,42,41.4,40.5,66,67.5,45,44.4,78,38.17,35.4,24.6,40.5
2024-10-04,37.5,36,35.4,34.5,25.5,29.4,27.54,43.5,42,41.4,40.5,66,67.5,45,44.4,78,38.12,35.4,24.6,40.5
2024-10-05,37.5,36,35.4,34.5,25.5,29.4,27.31,43.5,42,41.4,40.5,66,67.5,45,44.4,78,37.91,35.4,24.6,40.5
2024-10-06,37.5,36,35.4,34.5,25.5,29.4,27.6,43.5,42,41.4,40.5,65.94,67.5,45,44.4,78,37.61,35.4,24.6,40.5
2024-10-07,37.5,36,35.4,34.5,25.5,29.4,27.46,43.5,42,41.4,40.5,66,66.92,45,44.4,78,38.4,35.4,24.6,40.5
2024-10-08,37.5,36,35.4,34.5,25.5,29.4,27.28,43.5,42,41.4,40.5,66,67.5,45,44.4,78,38.12,35.4,24.6,40.5
2024-10-09,37.5,36,35.4,34.5,25.5,29.4,27.09,43.5,42,41.4,40.5,66,67.5,45,44.4,78,38.4,35.4,24.6,40.5
2024-10-10,37.5,36,35.4,34.5,25.5,29.4,27.6,43.5,42,41.4,40.5,66,67.17,45,44.4,78,38.4,35.4,24.6,40.5
2024-10-11,37.5,36,35.4,34.5,25.5,29.4,27.6,43.5,42,41.4,40.5,65.9,67.5,45,44.4,78,38.16,35.4,24.6,40.5
2024-10-12,37.5,36,35.4,34.5,25.5,29.4,27.6,43.5,42,41.4,40.5,66,67.5,45,44.4,78,38.4,35.4,24.6,40.5
2024-10-13,37.5,36,35.4,34.5,25.5,29.4,27.6,43.5,42,41.4,40.5,66,67.5,45,44.4,78,38.14,35.4,24.6,40.5
2024-10-14,37.5,36,35.4,34.5,25.5,29.4,27.6,43.5,42,41.4,40.5,66,67.09,45,44.4,78,37.97,35.4,24.6,40.5
2024-10-15,37.5,36,35.4,34.5,25.5,29.4,27.49,43.5,42,41.4,40.5,65.68,66.62,45,44.4,78,38.4,35.4,24.6,40.5
2024-10-16,37.5,36,35.4,34.5,25.5,29.4,27.6,43.5,42,41.4,40.5,65.54,67.5,45,44.4,78,38.12,35.4,24.6,40.5
2024-10-17,37.5,36,35.4,34.5,25.5,29.4,27.6,43.5,42,41.4,40.5,66,67.5,45,44.4,78,38.4,35.4,24.6,40.5
2024-10-18,37.5,36,35.4,34.5,25.5,29.4,27.6,43.5,42,41.4,40.5,65.5,67.31,45,44.4,78,38.29,35.4,24.6,40.5
2024-10-19,37.5,36,35.4,34.5,25.5,29.4,27.37,43.5,42,41.4,40.5,66,67.5,45,44.4,78,38.07,35.4,24.6,40.5
2024-10-20,37.5,36,35.4,34.5,25.5,29.4,27.6,43.5,42,41.4,40.5,65.65,67.5,45,44.4,78,37.88,35.4,24.6,40.5
2024-10-21,37.5,36,35.4,34.5,25.5,29.4,27.6,43.5,42,41.4,40.5,65.13,67.19,45,44.4,78,38.4,35.4,24.6,40.5
2024-10-22,37.5,36,35.4,34.5,25.5,29.4,27.37,43.5,42,41.4,40.49,66,67.5,45,44.4,78,38.14,35.4,24.6,40.5
2024-10-23,37.5,36,35.4,34.5,25.5,29.4,27.6,43.5,42,41.4,40.5,65.36,67.15,45,44.4,78,37.92,35.4,24.6,40.5
2024-10-24,37.5,36,35.4,34.5,25.5,29.4,27.6,43.5,42,41.4,40.5,66,67.5,45,44.4,78,38.4,35.4,24.6,40.5
2024-10-25,37.5,36,35.4,34.5,25.5,29.4,27.6,43.5,42,41.4,40.5,65.72,66.9,45,44.4,78,38.4,35.4,24.6,40.5
2024-10-26,37.5,36,35.4,34.5,25.5,29.4,27.41,43.5,42,41.4,40.5,66,67.5,45,41.6,78,38.05,35.4,24.6,40.5
2024-10-27,37.5,36,35.4,34.5,25.5,29.4,27.36,43.5,42,41.4,40.5,65.56,67.19,45,41.66,78,37.75,35.4,24.6,40.5
2024-10-28,37.5,36,35.4,34.5,25.5,29.4,27.6,43.5,42,41.4,40.5,66,67.5,45,44.4,78,37.43,35.4,24.6,40.5
2024-10-29,37.5,36,35.4,34.5,25.5,29.4,27.6,43.5,42,41.4,40.5,65.36,67.39,45,44.4,78,38.4,35.4,24.6,40.5
2024-10-30,37.5,36,35.4,34.5,25.5,29.4,27.6,43.5,42,41.4,40.5,66,67.5,45,44.4,78,38.4,35.4,24.6,40.5
2024-10-31,37.5,36,35.4,34.5,25.5,29.4,27.6,43.5,42,41.4,40.5,65.82,67.28,45,44.4,78,38.33,35.4,24.6,40.5
2024-11-01,37.5,36,35.4,34.5,25.5,29.4,27.41,43.5,42,41.4,40.5,66,66.91,45,44.4,78,38.4,35.4,24.6,40.5
2024-11-02,37.5,36,35.4,34.5,25.5,29.4,27.37,43.5,42,41.4,40.5,65.54,66.78,45,44.4,78,38.08,35.4,24.6,40.5
2024-11-03,37.5,36,35.4,34.5,25.5,29.4,27.6,43.5,42,41.4,40.5,66,67.5,45,44.4,78,37.8,35.4,24.6,40.5
2024-11-04,37.5,36,35.4,34.5,25.5,29.4,27.6,43.5,42,41.4,40.5,66,67.23,45,44.4,78,37.72,35.4,24.6,40.5
2024-11-05,37.5,36,35.4,34.5,25.5,29.4,27.6,43.5,42,41.4,40.5,65.81,67.5,45,44.4,78,38.4,35.4,24.6,40.5
2024-11-06,37.5,36,35.4,34.5,25.5,29.4,27.49,43.5,42,41.4,40.47,65.15,67.5,45,44.4,78,38.05,35.4,24.6,40.5
2024-11-07,37.5,36,35.4,34.5,25.5,29.4,27.27,43.5,42,41.4,40.5,64.89,67.5,45,44.4,78,38.4,35.4,24.6,40.5
2024-11-08,37.5,36,35.4,34.5,25.5,29.4,27.18,43.5,42,41.4,40.5,64.53,67.5,45,44.4,78,38.4,35.4,24.6,40.5
2024-11-09,37.5,36,35.4,34.47,25.5,29.4,27.11,42.35,42,41.4,40.5,66,67.01,45,44.4,78,37.99,35.4,24.6,40.5
2024-11-10,37.5,36,35.4,34.5,25.5,29.4,27.6,43.07,42,41.4,40.5,66,66.49,45,44.4,78,37.85,35.4,24.6,40.5
2024-11-11,37.5,36,35.4,34.5,25.5,29.4,27.47,43.5,42,41.4,40.5,65.55,66.26,45,44.4,78,38.4,35.4,24.6,40.5
2024-11-12,37.5,36,35.4,34.5,25.5,29.4,27.24,43.5,42,41.4,40.5,64.9,65.75,45,44.4,78,38.4,35.4,24.6,40.5
2024-11-13,37.5,36,35.4,34.5,25.5,29.4,27.6,43.5,42,41.4,40.5,66,67.5,45,44.4,78,37.98,35.4,24.6,40.5
2024-11-14,37.5,36,35.4,34.5,25.5,29.4,27.6,43.5,42,41.4,40.5,66,66.95,45,44.4,78,38.4,35.4,24.6,40.5
2024-11-15,37.5,36,35.4,34.5,25.5,29.4,27.48,43.5,42,41.4,40.47,65.54,67.5,45,44.4,78,38.11,35.4,24.6,40.5
2024-11-16,37.5,36,35.4,34.5,25.5,29.4,27.6,43.5,42,41.4,40.5,66,67.25,45,44.4,78,37.97,35.4,24.6,40.5
2024-11-17,37.5,36,35.4,34.5,25.5,29.4,27.36,43.5,42,41.4,40.5,65.4,67.5,45,44.4,78,37.58,35.4,24.6,40.5
2024-11-18,37.5,36,35.4,31,25.5,29.4,27.6,43.5,42,41.4,40.5,64.93,67.06,45,44.36,78,38.4,35.4,24.6,40.45
2024-11-19,37.5,36,35.4,31.24,25.5,29.4,27.39,43.5,42,41.4,40.5,66,67.5,45,44.35,78,38.07,35.4,24.6,40.5
2024-11-20,37.5,36,35.4,31.26,25.5,29.4,27.6,43.5,42,41.4,40.5,66,67.3,45,44.4,78,37.79,35.4,24.6,40.5
2024-11-21,37.5,36,35.4,33.59,25.5,29.4,27.48,43.5,42,41.4,40.5,66,67.5,45,44.4,78,38.4,35.4,24.6,40.5
2024-11-22,37.5,36,35.4,33.74,25.5,29.4,27.6,43.5,42,41.4,40.5,65.81,67.5,45,44.4,78,38.22,35.4,24.6,40.5
2024-11-23,37.5,36,35.4,33.97,25.5,29.4,27.45,43.5,42,41.4,40.5,66,66.77,45,44.4,78,38.4,35.4,24.6,40.5
2024-11-24,37.5,36,35.4,34.1,25.5,29.4,27.16,43.5,41.93,41.4,40.5,66,67.5,45,44.4,78,38.14,35.4,24.6,40.5
2024-11-25,37.5,36,35.4,34.21,25.5,29.4,26.91,43.5,42,41.4,40.5,65.41,67.5,45,44.38,78,37.79,35.39,24.6,40.5
2024-11-26,37.5,35.97,35.4,34.22,25.5,29.4,27.6,43.5,42,41.4,40.5,66,67.29,45,44.4,78,37.47,35.32,24.6,40.5
2024-11-27,34.74,36,35.4,34.5,25.5,29.4,27.34,43.5,42,41.4,40.46,65.38,67.5,45,44.4,78,37.15,35.4,24.6,40.5
2024-11-28,37.5,36,35.4,34.5,25.5,29.4,27.6,43.5,42,41.4,40.5,66,67.5,45,44.4,78,38.4,35.4,24.6,40.5
2024-11-29,37.5,35.99,35.4,34.5,25.5,29.4,27.6,43.5,42,41.4,40.5,65.67,67.5,45,44.4,78,38.4,35.4,24.6,40.5
2024-11-30,37.5,36,35.4,34.5,25.5,29.4,27.6,43.5,42,41.4,40.5,65.2,67.5,45,44.4,78,38.4,35.4,22.82,40.42
2024-12-01,37.5,36,35.4,34.5,25.5,29.4,27.6,43.5,42,41.4,40.5,66,67.5,45,44.4,78,38.24,35.4,24.6,40.5
2024-12-02,37.5,36,35.4,34.5,25.5,29.4,27.6,43.5,42,41.4,40.5,66,66.71,45,44.4,78,38,35.4,24.6,40.5
2024-12-03,37.5,35.97,34.43,34.47,25.5,29.4,27.6,43.5,42,41.4,40.45,61.13,67.5,45,44.4,78,37.85,35.4,24.6,40.5
2024-12-04,37.5,36,34.79,34.5,25.5,29.4,27.46,43.5,42,41.4,40.37,60.59,67.5,45,44.4,78,38.4,35.4,24.6,40.5
2024-12-05,37.5,36,35.4,34.5,25.5,29.4,27.22,43.5,41.98,41.4,40.5,59.95,66.77,45,44.4,78,37.98,35.4,24.6,40.5
2024-12-06,37.5,36,35.4,34.49,25.5,29.4,27.6,43.5,41.93,41.4,40.5,59.38,67.5,45,44.4,78,37.73,35.4,24.6,40.5
2024-12-07,37.5,36,35.4,34.5,25.5,29.4,27.6,43.5,42,41.4,40.5,63.14,67.5,45,44.4,78,38.4,35.4,24.6,40.5
2024-12-08,37.5,36,35.4,34.5,25.5,29.4,27.38,43.5,42,41.4,40.5,62.84,67.5,45,44.32,78,38.4,35.4,24.6,40.42
2024-12-09,37.5,35.91,35.4,34.5,25.5,29.4,27.24,43.5,42,41.4,40.5,62.32,67.5,45,44.4,78,38.07,35.4,24.6,40.5
2024-12-10,37.5,36,35.4,34.44,25.5,29.4,27.03,43.5,42,41.4,40.5,61.6,66.82,45,44.4,78,38.4,35.34,24.6,40.48
2024-12-11,37.5,36,35.4,34.5,25.5,29.4,26.92,43.5,42,41.4,40.5,65.4,67.5,45,44.36,78,38.4,35.4,24.6,40.5
2024-12-12,37.5,36,35.4,34.5,25.5,29.4,27.6,43.5,42,41.4,40.5,65.05,67.5,45,44.4,78,38.4,35.4,24.6,40.5
2024-12-13,37.5,36,35.4,34.5,25.5,29.4,27.33,43.5,41.91,41.4,40.5,66,67.5,45,44.4,78,38.4,35.4,24.6,40.5
2024-12-14,37.5,36,35.4,34.5,25.5,29.4,27.19,43.5,41.79,41.4,40.5,65.2,67.5,45,44.4,78,38.4,35.4,24.6,40.5
2024-12-15,37.5,36,35.4,34.5,25.5,29.4,27.6,43.5,42,41.4,40.5,64.91,66.94,45,44.4,78,38.4,35.31,24.6,40.47
2024-12-16,37.5,35.89,35.4,34.5,25.5,29.4,27.34,43.5,42,41.4,40.5,64.53,66.42,45,44.28,78,38.4,35.4,24.6,40.5
2024-12-17,37.5,36,35.4,34.43,25.5,29.4,27.6,43.5,42,41.4,40.5,66,66.13,45,44.29,78,38.07,35.4,24.6,40.42
2024-12-18,37.5,36,35.4,34.5,25.5,29.4,27.6,43.5,42,41.4,40.41,65.38,65.54,45,44.4,78,37.76,35.4,24.6,40.5
2024-12-19,37.5,35.91,35.4,34.5,25.5,29.4,27.6,43.5,41.98,41.4,40.5,66,65.13,45,44.4,78,38.4,35.29,24.6,40.38
2024-12-20,37.5,36,35.4,34.5,25.5,29.4,27.31,43.5,42,41.4,40.46,65.42,67.5,45,44.4,78,38.4,35.4,24.6,40.5
2024-12-21,37.5,36,35.4,34.5,25.5,29.4,27.6,43.5,41.9,41.4,40.5,66,67.13,45,44.4,78,38.08,35.28,24.6,40.5
2024-12-22,37.5,36,35.4,34.5,25.5,29.4,27.6,43.5,42,41.4,40.5,65.49,67.5,45,44.4,78,38.4,35.4,24.6,40.5
2024-12-23,37.5,36,35.4,34.5,25.5,29.4,27.6,43.5,42,41.4,40.5,66,66.81,45,44.4,78,38.4,35.4,24.6,40.5
2024-12-24,37.5,36,35.4,34.5,25.5,29.4,27.6,43.5,42,41.4,40.5,66,67.5,45,44.28,78,38.4,35.4,24.6,40.5
2024-12-25,37.5,36,35.4,34.5,25.5,29.4,27.6,43.5,42,41.4,40.5,65.41,67.5,45,44.4,78,38.03,35.4,24.6,40.5
2024-12-26,37.5,36,35.4,34.5,25.5,29.4,27.43,43.5,42,41.4,40.5,66,66.8,45,44.4,78,37.85,35.36,24.6,40.5
2024-12-27,37.5,36,35.4,34.5,25.5,29.4,27.17,43.5,41.91,41.4,40.5,65.62,65.99,45,44.3,78,37.45,35.4,24.6,40.41
2024-12-28,37.5,36,35.4,34.42,25.5,29.4,26.97,43.5,42,41.4,40.5,66,67.5,45,44.4,78,38.4,35.4,24.6,40.5
2024-12-29,37.5,36,35.4,34.31,25.5,29.4,27.6,43.5,42,41.4,40.5,65.34,67.5,45,44.4,78,38.4,35.4,24.6,40.5
2024-12-30,37.5,36,35.4,34.5,25.5,29.4,27.33,43.5,42,41.4,40.5,64.6,66.99,45,44.4,78,38.4,35.38,24.6,40.43
2024-12-31,37.5,35.91,33.63,34.5,25.5,29.4,27.6,43.5,42,41.4,40.5,66,66.1,45,44.4,78,38.04,35.4,24.6,40.5
2025-01-01,35.8,34.16,32.15,30.49,22.53,26.12,26.24,41.57,37.32,39.5,35.7,63.15,58.34,39.98,42.42,74.27,36.33,35.4,21.77,38.6
2025-01-02,31.75,32.68,28.47,28.97,21.53,24.93,25.01,39.62,35.76,37.61,34.18,60.3,51.58,35.33,37.62,65.46,34.8,33.67,19.31,36.76
2025-01-03,30.17,31.19,25.14,27.55,20.62,22,22.21,35.16,31.69,35.89,30.36,57.57,49.14,31.44,35.91,58.11,30.67,29.81,17.04,32.63
2025-01-04,26.6,29.89,24.08,26.24,18.24,19.48,19.67,33.68,30.34,34.13,26.95,50.78,43.83,30.1,34.32,51.37,29.28,28.5,16.2,31.09
2025-01-05,25.52,28.41,21.28,25.48,16.14,17.31,17.44,32.3,26.79,30.35,25.76,48.5,41.94,26.63,32.92,49,28.11,25.13,14.32,29.74
2025-01-06,24.3,25.17,18.89,22.61,15.42,16.61,16.69,30.79,25.57,28.92,22.91,43.2,40.29,23.62,29.35,46.86,26.9,22.3,12.67,26.44
2025-01-07,21.49,24.16,18.21,20.06,14.76,14.88,15.94,27.35,24.6,25.74,20.26,41.55,36.01,22.61,26.02,41.84,25.65,21.46,12.11,25.4
2025-01-08,19.18,23.16,16.28,17.96,13.16,13.29,14.1,24.35,23.63,22.73,19.37,39.64,34.39,21.85,23.22,40.29,22.74,20.53,10.86,24.42
2025-01-09,16.94,22.12,15.75,15.97,12.64,11.89,13.5,23.24,21.02,20.13,17.14,35.38,32.97,21.01,20.68,38.87,21.76,18.3,9.63,21.79
2025-01-10,16.35,19.79,15.21,14.12,11.3,10.6,12.86,22.4,20.26,18.03,16.34,31.3,29.34,20.17,19.89,37.44,19.34,16.37,9.33,21.01
2025-01-11,15.69,17.64,13.44,13.54,10.13,10.12,12.3,21.37,19.6,17.37,15.62,30.08,28,19.55,17.74,33.4,18.62,15.73,9.05,18.73
2025-01-12,14.08,15.6,12.85,12.24,9.1,9.08,11.05,19.18,17.33,16.81,15.07,29.02,26.77,17.54,17.22,31.9,17.96,15,8.67,16.74
2025-01-13,13.45,13.86,11.4,10.87,8.18,8.77,10.56,18.31,16.65,16.28,14.64,26.01,25.81,15.58,15.55,30.64,15.9,13.43,7.8,14.89
2025-01-14,11.95,12.48,10.26,9.64,7.89,8.57,9.54,17.53,16.19,14.4,14.12,23.48,22.91,13.92,13.84,29.71,15.31,12.02,7.05,14.37
2025-01-15,11.59,12.15,9.22,9.41,7.03,8.42,8.65,16.83,15.48,13.88,12.6,21.08,20.41,13.46,12.55,26.6,13.77,10.71,6.87,12.81
2025-01-16,11.09,10.85,8.21,9.06,6.74,8.22,7.86,14.99,14.91,13.51,12.32,20.28,18.13,12.15,12.33,25.92,12.19,9.72,6.66,12.37
2025-01-17,10.72,10.4,7.49,8.88,6.52,7.31,7.06,14.49,13.44,12.16,12.03,19.59,17.73,10.94,12.05,23.52,11.69,9.54,6.47,11.21
2025-01-18,9.61,9.45,7.24,7.9,6.28,7.2,6.43,13.03,12.09,11.67,10.86,18.86,17.26,9.95,11.82,22.62,10.52,8.64,6.31,10.12
2025-01-19,8.68,9.24,6.96,7.05,6.04,7.07,6.3,11.6,10.85,10.4,10.56,17.15,16.67,8.91,10.73,20.47,10.11,8.4,6.17,9.85
2025-01-20,7.92,8.19,6.81,6.43,5.55,7,8.67,11.43,10.62,10.14,9.48,15.5,14.92,7.95,13.55,19.88,9.97,7.72,5.97,9.6
2025-01-21,7.04,7.53,6.81,6.44,5.03,6.35,8.49,8.17,9.73,9.73,8.66,15.19,14.81,7.82,13.08,19.53,9.11,7.6,5.43,9.31
2025-01-22,6.37,6.8,6.24,6.43,4.52,5.83,7.56,7.29,9.49,9.52,7.84,14.64,14.4,7.13,12.68,18.74,8.84,7.49,4.9,8.37
2025-01-23,5.76,6.13,5.73,5.77,4.21,5.66,7.32,6.7,8.66,9.35,7.08,14.35,12.95,7.12,12.45,18.48,8.6,6.71,4.42,7.62
2025-01-24,5.7,5.62,5.63,5.81,3.94,5.6,7.04,6.72,8.63,9.07,6.41,12.76,12.54,6.42,11.33,16.91,7.85,6.7,4.1,6.98
2025-01-25,5.15,5.54,5.55,5.42,3.99,5.13,6.45,6.79,8.37,8.1,6.41,11.83,12.08,6.35,10.99,15.16,7.67,5.99,4.09,6.9
2025-01-26,5.25,5.06,5.52,4.98,3.9,4.97,5.92,6.17,7.63,7.49,5.75,10.96,11.86,6.2,10.01,13.64,6.89,5.91,3.71,6.18
2025-01-27,5,5.11,5.34,4.61,3.62,4.86,5.46,5.8,7.64,7.22,5.84,10.65,10.8,6,9.03,12.72,6.26,5.31,3.61,6.02
2025-01-28,5,5.21,5.19,4.6,3.4,4.79,4.92,5.8,7.46,6.71,5.4,9.69,10.46,6,8.79,12.41,6.21,4.83,3.55,5.43
2025-01-29,5,5.21,4.91,4.6,3.4,4.4,4.92,5.8,7.44,6.24,5.4,9.08,10.42,6,7.93,12.38,6.09,4.92,3.33,5.5
2025-01-30,5,4.83,5,4.6,3.4,4.44,4.81,5.84,6.8,5.65,5.4,8.8,9.44,6,7.24,11.19,6.06,4.72,3.28,5.4
2025-01-31,5,4.8,4.72,4.67,3.4,4.33,4.32,5.9,6.17,5.52,5.4,8.94,9.2,6,7.18,10.51,5.97,4.8,3.35,5.4
2025-02-01,5,4.8,4.72,4.6,3.4,4.18,4.37,5.8,6.08,5.52,5.4,8.8,9,6,6.56,10.62,6.02,4.82,3.28,5.4
2025-02-02,5,4.8,4.72,4.63,4.72,3.92,4.36,5.8,6.15,5.52,5.4,8.8,9.18,6,6.12,10.4,5.53,4.72,3.28,5.41
2025-02-03,5,4.8,4.78,4.6,4.57,4.02,4.37,5.8,5.74,5.52,5.4,8.97,9.18,6.08,5.92,10.4,5.52,4.72,3.28,5.4
2025-02-04,5,4.86,4.85,4.6,4.11,3.98,4.36,5.8,5.6,5.57,5.4,8.8,9,6.13,5.92,10.4,5.61,4.8,3.28,5.4
2025-02-05,5,4.87,4.89,4.6,4.01,4.02,3.97,5.8,5.6,5.52,5.4,8.8,9,6,5.92,10.4,5.6,4.89,3.28,5.46
2025-02-06,5,4.84,5,4.6,3.97,3.92,3.74,5.8,5.7,5.52,5.4,8.95,9.09,6,6.05,10.4,5.12,4.72,3.28,5.4
2025-02-07,5,4.8,4.72,4.6,3.64,3.98,3.79,5.8,5.6,5.52,5.4,8.8,9,6,5.92,10.4,5.12,4.72,3.28,5.45
2025-02-08,5,4.8,4.72,4.62,3.62,3.92,3.84,5.82,5.6,5.52,5.4,8.8,9,6,5.92,10.4,5.12,4.72,3.32,5.4
2025-02-09,5.04,4.8,4.72,4.6,3.69,3.92,3.68,5.9,5.67,5.52,5.4,8.8,9.12,6.14,5.92,10.63,5.12,4.72,3.28,5.4
2025-02-10,5.16,4.8,4.72,4.6,3.64,4.02,3.68,5.98,5.6,5.54,5.4,8.8,9,6,5.98,10.4,5.12,4.72,3.28,5.54
2025-02-11,5.18,4.87,4.72,4.6,3.69,3.92,3.68,5.8,5.6,5.56,5.49,8.8,9,6.03,5.98,10.4,5.12,4.8,3.28,5.66
2025-02-12,5,4.97,4.72,4.66,3.58,3.92,3.68,5.8,5.6,5.52,5.4,8.8,9,6,5.92,10.4,5.12,4.78,3.28,5.78
2025-02-13,5.1,4.86,4.72,4.61,3.4,3.95,3.68,5.8,5.6,5.52,5.41,8.8,9.01,6,5.98,10.62,5.24,4.76,3.28,5.4
2025-02-14,5,4.93,4.72,4.62,3.4,3.92,3.68,5.8,5.6,5.52,5.4,8.8,9,6,5.92,10.4,5.12,4.81,3.28,5.4
2025-02-15,5,4.8,4.72,4.6,3.4,3.92,3.68,5.8,5.6,5.52,5.51,8.8,9.17,6,5.92,10.4,5.12,4.86,3.28,5.4
2025-02-16,5,4.85,4.75,4.67,3.4,3.92,3.68,5.93,5.73,5.52,5.4,8.8,9,6.01,5.92,10.4,5.12,4.8,3.29,5.4
2025-02-17,5,4.93,4.72,4.78,3.4,3.92,3.68,7.94,5.76,5.61,5.4,8.8,9,6,5.92,10.4,5.12,4.91,3.28,5.4
2025-02-18,5,5.03,4.72,4.6,3.48,4.02,3.68,7.92,5.78,5.71,5.4,8.8,9,6,5.92,10.4,5.12,4.83,3.28,5.45
2025-02-19,5,4.98,4.82,4.6,3.52,3.92,3.68,7.18,5.6,5.66,5.43,8.8,9,6,5.92,10.4,5.12,4.78,3.28,5.4
2025-02-20,5,4.8,4.72,4.7,3.45,3.92,3.68,6.51,5.6,5.52,5.49,8.8,9,6,5.92,10.61,5.12,4.72,3.28,5.52
2025-02-21,5.05,4.8,4.72,4.62,3.41,3.92,3.68,5.97,5.6,5.52,5.59,8.8,9,6.08,5.92,10.4,5.14,4.83,3.31,5.46
2025-02-22,5,4.8,4.72,4.6,3.4,3.92,3.68,5.8,5.6,5.53,5.54,8.8,9,6,5.92,10.4,5.12,4.72,3.35,5.4
2025-02-23,5.11,4.8,4.72,4.6,3.4,3.92,3.68,5.93,5.6,5.52,5.59,8.8,9,6,5.92,10.4,5.12,4.72,3.28,5.51
2025-02-24,5,4.8,4.72,4.6,3.43,4.01,3.68,5.8,5.73,5.52,5.54,8.8,9,6,5.92,10.4,5.12,4.72,3.31,5.44
2025-02-25,5.08,4.8,4.82,4.65,3.4,3.92,3.68,5.8,5.6,5.52,5.4,8.8,9.2,6,5.92,10.4,5.16,4.72,3.28,5.4
2025-02-26,5,4.8,4.72,4.6,3.4,3.92,3.68,5.8,5.6,6.86,5.51,8.8,9,6,6.08,10.4,5.12,4.78,3.28,5.4
2025-02-27,5,4.8,4.72,4.6,3.46,3.92,3.71,5.8,5.6,6.94,5.4,8.8,9,6.1,5.92,10.4,5.12,4.72,3.28,5.4
2025-02-28,5,4.8,4.72,4.6,3.4,3.92,3.7,5.8,5.6,6.96,5.4,9.03,9.22,6.05,5.92,10.47,5.23,4.72,3.28,5.4
2025-03-01,5.45,4.8,4.85,5.13,3.47,4,4.03,6.35,6.21,6.88,5.92,9.93,9.15,6.57,6.5,11.06,5.3,4.8,3.49,5.4
2025-03-02,5.76,4.8,4.89,5.24,3.45,4.44,4.06,7.01,6.09,7.24,6.47,10.57,9.31,6.92,7.08,11.89,5.85,4.72,3.39,5.73
2025-03-03,6.28,5.13,5.15,5.63,3.53,4.71,4.07,7.03,6.22,7.06,6.94,11.65,9.42,7.31,7.71,13.05,6.26,5.08,3.77,5.62
2025-03-04,6.22,5.49,5.11,6.16,3.83,5.19,4.35,7.5,6.62,7.01,6.79,11.37,10.12,7.11,8.15,13.75,6.22,5.44,3.66,5.46
2025-03-05,6.04,5.43,4.97,6.58,3.8,5.25,4.58,8.02,6.97,7.08,6.86,11.2,10.71,7.76,8.14,13.53,6.1,5.97,3.98,5.98
2025-03-06,5.93,5.82,5.29,7.11,4.13,5.73,4.64,8.11,7.6,7.59,6.69,12.09,11.57,8.31,8.69,13.57,6.59,6.04,4.2,6.06
2025-03-07,5.82,6.35,5.13,7.52,4.34,6.09,4.63,7.92,7.48,7.34,6.79,11.93,11.53,9.04,9.21,14.8,6.51,5.89,4.51,5.96
2025-03-08,5.92,6.19,5.12,7.94,4.63,6.41,5.03,7.83,7.96,8.03,7.21,12.72,12.22,9.55,9.22,14.31,7.02,5.8,4.86,6.52
2025-03-09,6.25,6.62,5.03,7.74,4.89,6.24,5.4,7.62,7.92,8.55,7.2,13.8,12.95,9.42,8.9,15.59,7.08,5.9,5.27,7.17
2025-03-10,6.3,6.43,5.55,8.12,4.73,6.23,5.41,8.31,7.95,8.97,6.96,14.48,13.84,9.14,8.67,15.26,7.07,6.22,5.25,7.86
2025-03-11,6.36,6.25,5.86,7.89,5.14,6.24,5.76,8.14,7.87,8.77,7.42,14.36,13.45,9.07,8.44,16.47,7.7,6.02,5.21,7.86
2025-03-12,6.84,6.12,5.74,7.73,5.46,6.72,6.22,7.97,7.79,8.46,7.85,15.47,13.52,8.76,8.25,15.95,8.08,6.37,5.52,8.4
2025-03-13,7.43,6.17,6.07,8.16,5.86,6.58,6.7,8.01,7.55,9.12,7.65,16.25,13.45,8.71,8.07,15.99,7.85,6.16,5.82,8.17
2025-03-14,8.1,6.11,6.09,7.86,6.15,6.46,6.52,7.95,7.98,9.83,7.53,16.1,14.6,9.36,7.87,16.86,7.84,6.74,5.63,8.61
2025-03-15,8.77,6.08,6,8.48,6.57,6.77,6.37,7.99,8.02,9.61,7.93,17.3,14.43,9.96,7.76,18.19,7.61,6.63,5.52,9.23
2025-03-16,8.52,6.6,6,9.14,6.96,7.17,6.26,8.45,7.73,10.34,7.75,18.19,13.92,10.56,7.5,19.66,7.64,7.13,5.82,9.03
2025-03-17,8.24,7.05,6.05,9.07,6.73,7.11,6.08,9.16,7.8,11.07,8.39,17.98,13.84,10.33,7.9,20.81,8.31,7.64,5.61,9.66
2025-03-18,8.7,6.92,6.43,8.88,6.5,7.65,5.93,9.07,7.65,10.91,8.86,17.53,13.51,11.08,8.34,20.51,8.84,8.29,5.58,9.45
2025-03-19,8.65,7.39,6.21,8.56,6.38,8.15,5.78,8.77,7.54,10.81,9.44,18.69,14.19,11.65,8.31,22.05,9.56,8.84,5.97,10.23
2025-03-20,8.52,7.19,6.77,9.2,6.74,8.77,5.6,9.3,7.39,10.48,10.05,18.37,14.9,12.52,8.15,23.08,10.2,8.78,5.9,9.97
2025-03-21,9.04,7.63,7.24,9.12,7.19,8.66,5.54,10.08,7.38,10.29,9.73,17.84,15.7,12.11,7.92,22.57,10.95,8.73,6.23,9.86
2025-03-22,8.8,7.41,7.12,9.02,7.62,8.44,5.99,9.74,7.45,10.09,9.56,19.07,16.69,12.9,8.51,24.2,11.52,8.44,6.53,10.41
2025-03-23,9.28,7.41,7.65,8.68,7.45,8.96,6.38,10.58,8.12,10.71,9.48,20.03,16.47,13.81,8.32,23.27,11.08,8.14,6.94,11.14
2025-03-24,9.03,7.22,8.3,9.2,7.2,9.56,6.17,10.34,8.78,10.35,9.32,21.35,16.36,14.76,8.06,24.98,11.75,8.68,7.35,11.67
2025-03-25,8.88,7.25,8.16,9.1,7.62,9.99,6.06,10.87,8.64,10.9,10.1,22.75,17.63,15.52,8.07,26.63,12.44,8.36,7.82,11.48
2025-03-26,9.37,7.8,7.92,9.71,7.35,10.53,6.43,11.55,8.45,11.71,10,22.11,17.16,14.99,7.9,25.88,12.17,8.05,8.24,11.21
2025-03-27,9.9,8.44,7.81,10.4,7.27,10.2,6.83,12.33,8.39,11.48,10.81,23.24,16.6,15.72,8.33,27.34,12.93,8.49,8.74,11.86
2025-03-28,10.48,9.08,7.73,10.02,7.62,10.02,7.28,11.88,8.41,12.14,11.38,22.48,16.29,16.78,8.99,29.07,13.7,8.44,8.46,12.58
2025-03-29,10.16,9.64,7.65,10.53,8.07,9.83,7.11,11.41,9.16,12.8,12.11,24,17.52,16.23,9.62,30.99,14.38,8.36,8.96,13.2
2025-03-30,10.75,10.15,7.64,11.14,7.87,9.64,7.47,11.95,9.85,13.4,11.94,25.3,16.98,17.02,10.22,30.16,15.07,8.87,8.63,14
2025-03-31,10.33,10.9,7.52,11.87,7.55,10.27,7.95,12.78,9.48,14.18,12.64,26.66,18.08,16.31,9.95,31.88,15.8,9.91,9.13,14.8
2025-04-01,11.14,11.5,8.1,13.77,8.85,11.08,8.39,13.77,11.25,16.46,13.7,30.89,19.17,17.26,10.72,33.65,16.66,10.57,9.77,17.38
2025-04-02,12.86,13.5,8.66,15.83,9.43,12.94,9.83,14.83,12.21,19.3,14.59,32.62,22.57,18.36,12.52,35.81,17.62,12.27,10.35,20.24
2025-04-03,15.06,14.24,10.22,18.31,10.84,13.71,11.43,15.9,14.22,20.45,15.5,34.31,26.25,21.51,13.24,41.43,20.3,14.37,12.02,23.47
2025-04-04,16.14,16.37,11.84,21.05,11.59,15.82,13.39,16.94,15.12,23.65,16.64,36.65,27.89,24.85,15.6,47.58,21.5,15.21,14,24.86
2025-04-05,17.25,18.86,13.73,24.36,13.4,16.75,14.17,18.1,16.27,25.15,19.39,42.11,32.25,26.2,17.99,50.35,24.75,16.27,16.16,26.4
2025-04-06,20.13,20.02,16.03,25.71,15.59,17.73,15,20.89,17.24,26.61,20.74,44.8,34.35,30.14,19.13,57.96,26.19,18.78,18.7,27.96
2025-04-07,21.38,21.16,16.87,27.26,18.1,18.73,15.96,22.25,19.89,28.08,24.15,47.1,39.75,34.94,20.13,66.47,27.81,19.98,19.69,32.25
2025-04-08,24.77,22.34,19.47,31.53,20.77,19.77,16.88,23.59,20.93,29.67,27.93,54.29,46.17,36.74,21.55,69.79,32.09,23.23,20.74,37.23
2025-04-09,28.65,25.69,22.5,34.5,23.83,22.71,19.39,27.1,24.37,31.37,32.41,57.09,53.19,38.59,22.67,78,33.96,26.91,23.79,39.06
2025-04-10,32.99,27.14,23.73,34.5,25.5,26.18,20.39,31.35,28.02,36.1,34.1,60.46,61.27,44.53,26.4,78,35.8,28.52,24.6,40.5
2025-04-11,37.5,28.79,25.11,34.5,25.5,27.51,23.39,32.96,29.48,41.4,35.88,63.47,67.5,45,27.76,78,37.63,29.94,24.6,40.5
2025-04-12,37.5,30.42,31.1,34.5,25.5,29.4,24.74,34.69,33.9,41.4,40.5,63.43,67.5,45,32.26,78,38.4,34.61,24.6,40.5
2025-04-13,37.5,35.05,32.68,34.5,25.5,29.4,27.6,36.63,35.86,41.4,40.5,66,67.5,45,34.04,78,38.4,35.4,24.6,40.5
2025-04-14,37.5,36,35.4,34.5,25.5,29.4,27.6,42.07,41.25,41.4,40.5,66,67.5,45,39.38,78,38.4,35.4,24.6,40.5
2025-04-15,37.5,36,35.4,34.5,25.5,29.4,27.6,43.5,42,41.4,40.5,66,67.5,45,44.4,78,38.4,35.4,24.6,40.5
2025-04-16,37.5,36,35.4,34.5,25.5,29.4,27.6,43.5,42,41.4,40.5,66,67.5,45,44.4,78,38.4,35.4,24.6,40.5
2025-04-17,37.5,36,35.4,34.5,25.5,29.4,27.6,43.5,42,41.4,40.5,66,67.5,45,44.4,78,38.4,35.4,24.6,40.5
2025-04-18,37.5,36,35.4,34.5,25.5,29.4,27.6,43.5,42,41.4,40.5,66,67.5,45,44.4,78,38.4,35.4,24.6,40.5
2025-04-19,37.5,36,35.4,34.5,25.5,29.4,27.6,43.5,42,41.4,40.5,66,67.5,45,44.4,78,38.4,35.4,24.6,40.5
2025-04-20,37.5,36,35.4,34.5,25.5,29.4,27.6,43.5,42,41.4,40.5,66,67.5,45,44.4,78,38.4,35.4,24.6,40.5
2025-04-21,37.5,36,35.4,34.5,25.5,29.4,27.6,43.5,42,41.4,40.5,66,67.5,45,44.4,78,38.4,35.4,24.6,40.5
2025-04-22,37.5,36,35.4,34.5,25.5,29.4,27.6,43.5,42,41.4,40.5,66,67.5,45,44.4,78,38.4,35.4,24.6,40.5
2025-04-23,37.5,36,35.4,34.5,25.5,29.4,27.6,43.5,42,41.4,40.5,66,67.5,45,44.4,78,38.4,35.4,24.6,40.5
2025-04-24,35.87,36,35.4,34.5,25.5,29.4,27.6,43.5,42,41.4,40.5,66,67.5,45,44.4,78,38.4,35.4,24.6,40.5
2025-04-25,37.5,36,35.4,34.5,25.5,29.4,27.6,43.5,42,41.4,40.5,66,64.86,45,44.4,78,38.4,35.4,24.6,40.5
2025-04-26,37.5,36,35.4,34.5,25.5,29.4,27.6,43.5,42,41.4,40.5,66,67.5,45,44.4,78,38.4,35.4,24.6,40.5
2025-04-27,37.5,36,35.4,34.5,25.5,29.4,27.6,43.5,42,41.4,40.5,66,67.5,45,44.4,78,38.4,35.4,24.6,40.5
2025-04-28,37.5,36,35.4,34.5,25.5,29.4,27.6,43.5,42,41.4,40.5,66,67.5,45,44.4,78,38.4,35.4,24.6,40.5
2025-04-29,37.5,36,35.4,34.5,25.5,29.4,27.6,43.5,42,41.4,40.5,66,67.5,45,44.4,78,38.4,35.4,24.6,40.5
2025-04-30,37.5,36,35.4,34.5,25.5,29.4,27.6,43.5,42,41.4,40.5,66,67.5,45,44.4,78,38.4,35.4,24.6,40.5
2025-05-01,37.5,36,35.4,34.5,25.5,29.4,27.6,43.5,42,41.4,40.5,66,67.5,45,44.4,78,38.4,35.4,24.6,40.5
2025-05-02,37.5,36,35.4,34.5,25.5,29.4,27.6,43.5,42,41.4,40.5,66,65.18,45,44.4,78,38.4,35.4,24.6,40.5
2025-05-03,37.5,36,35.4,34.5,25.5,29.4,27.6,43.5,42,41.4,40.5,66,67.5,45,44.4,78,38.4,35.4,24.6,40.5
2025-05-04,37.5,36,35.4,34.5,25.5,29.4,27.6,43.5,42,41.4,40.5,66,67.5,45,44.4,78,38.4,35.4,24.6,40.5
2025-05-05,37.5,36,35.4,34.5,25.5,29.4,27.6,43.5,42,41.4,40.5,66,67.5,45,44.4,78,38.4,35.4,24.6,40.5
2025-05-06,37.5,36,35.4,34.5,25.5,29.4,27.6,43.5,42,41.4,40.5,66,67.5,45,44.4,78,38.4,35.4,24.6,40.5
2025-05-07,37.5,36,35.4,34.5,25.5,29.4,27.6,43.5,42,41.4,40.5,66,67.5,45,44.4,78,38.4,35.4,24.6,40.5
2025-05-08,37.5,36,35.4,34.5,25.5,29.4,27.6,43.5,42,41.4,40.5,66,67.5,45,44.4,78,38.4,35.4,24.6,40.5
2025-05-09,37.5,36,35.4,34.5,25.5,29.4,27.6,43.5,42,41.4,40.5,66,67.5,45,44.4,78,38.4,35.4,24.6,40.5
2025-05-10,37.5,36,35.4,34.5,25.5,29.4,27.6,43.5,42,41.4,40.5,66,67.5,45,44.4,78,38.4,35.4,24.6,40.5
2025-05-11,37.5,36,35.4,34.5,25.5,29.4,27.6,43.5,42,41.4,40.5,66,67.5,45,44.4,78,38.4,35.4,24.6,40.5
2025-05-12,37.5,36,35.4,34.5,25.5,29.4,27.6,43.5,42,41.4,40.5,66,67.5,45,44.4,78,38.4,35.4,24.6,40.5
2025-05-13,37.5,36,35.4,34.5,25.5,29.4,27.6,43.5,42,41.4,40.5,66,67.5,45,44.4,78,38.4,35.4,24.6,40.5
2025-05-14,37.5,36,35.4,34.5,25.5,29.4,27.6,43.5,42,41.4,40.5,66,67.5,45,44.4,78,38.4,35.4,24.6,40.5
2025-05-15,37.5,36,35.4,34.5,25.5,29.4,27.6,43.5,42,41.4,40.5,66,67.5,45,44.4,78,38.4,35.4,24.6,40.5
2025-05-16,37.5,36,35.4,34.5,25.5,29.4,27.6,43.5,42,41.4,40.5,66,67.5,45,44.4,78,38.4,35.4,24.6,40.5
2025-05-17,37.5,36,35.4,34.5,25.5,29.4,27.6,43.5,42,41.4,40.5,66,67.5,45,44.4,78,38.4,35.4,24.6,40.5
2025-05-18,37.5,36,35.4,34.5,25.5,29.4,27.27,43.5,42,41.4,40.5,66,67.5,45,44.4,78,38.4,35.4,24.6,40.5
2025-05-19,37.5,36,35.4,34.5,25.5,29.4,27.6,43.5,42,41.4,40.5,66,67.5,45,44.4,78,38.4,35.4,24.6,40.5
2025-05-20,37.5,36,35.4,34.5,25.5,29.4,27.6,43.5,42,41.4,40.5,66,67.5,45,44.4,78,38.4,35.4,24.6,40.5
2025-05-21,37.5,36,35.4,34.5,25.5,29.4,27.6,43.5,42,41.4,40.5,66,67.5,45,44.4,78,38.4,35.4,24.6,40.5
2025-05-22,37.5,36,35.4,34.5,25.5,29.4,27.6,43.5,42,41.4,40.5,66,67.5,45,44.4,78,38.4,35.4,24.6,40.5
2025-05-23,37.5,36,35.4,34.5,25.5,29.4,27.6,43.5,42,41.4,40.5,66,67.5,45,44.4,78,38.4,35.4,24.6,40.5
2025-05-24,37.5,36,35.4,34.5,25.5,29.4,27.6,43.5,42,41.4,40.5,66,67.5,45,44.4,78,38.4,35.4,24.6,40.5
2025-05-25,37.5,36,35.4,34.5,25.5,29.4,27.6,43.5,42,41.4,40.5,66,67.5,45,44.4,78,38.4,35.4,24.6,40.5
2025-05-26,37.5,36,35.4,34.5,25.5,29.4,27.6,43.5,42,41.4,40.5,66,67.5,45,44.4,78,38.4,35.4,24.6,40.5
2025-05-27,37.5,36,35.4,34.5,25.5,29.4,27.6,43.5,42,41.4,40.5,66,67.5,45,44.4,78,38.4,35.4,24.6,40.5
2025-05-28,37.5,36,35.4,34.5,25.5,29.4,27.6,43.5,42,41.4,40.5,66,67.5,45,44.4,78,38.4,35.4,24.6,40.5
2025-05-29,37.5,36,35.4,34.5,25.5,29.4,27.6,43.5,42,41.4,40.5,66,67.5,45,44.4,78,38.4,35.4,24.6,40.5
2025-05-30,37.5,36,35.4,34.5,25.5,29.4,27.6,43.5,42,41.4,40.5,66,67.5,45,44.4,78,38.4,35.4,24.6,40.5
2025-05-31,37.5,36,35.4,34.5,25.5,29.4,27.6,43.5,42,41.4,40.5,66,67.5,45,44.4,78,38.4,35.4,24.6,40.5
2025-06-01,37.5,36,35.4,34.5,25.5,29.4,27.6,43.5,42,41.4,40.5,66,67.5,45,44.4,78,38.4,35.4,24.6,40.5
2025-06-02,37.5,36,35.4,34.5,25.5,29.4,27.6,43.5,42,41.4,40.5,66,67.5,45,44.4,78,38.4,35.4,24.6,40.5
2025-06-03,37.5,36,35.4,34.5,25.5,29.4,27.6,43.5,42,41.4,40.5,66,67.5,45,44.4,78,38.4,35.4,24.6,40.5
2025-06-04,37.5,36,35.4,34.5,25.5,29.4,27.6,43.5,42,41.4,40.5,66,67.5,45,44.4,78,38.4,35.4,24.6,40.5
2025-06-05,37.5,36,35.4,34.5,25.5,29.4,27.6,43.5,42,41.4,40.5,66,67.5,45,44.4,78,38.4,35.4,24.6,40.5
2025-06-06,37.5,36,35.4,34.5,25.5,29.4,27.6,43.5,42,41.4,40.5,66,67.5,45,44.4,78,38.4,35.4,24.6,40.5
2025-06-07,37.5,36,35.4,34.5,25.5,29.4,27.6,43.5,42,41.4,40.5,66,67.5,45,44.4,78,38.4,35.4,24.6,40.5
2025-06-08,37.5,36,35.4,34.5,25.5,29.4,27.6,43.5,42,41.4,40.5,66,67.5,45,44.4,78,38.4,35.4,24.6,40.5
2025-06-09,37.5,36,35.4,34.5,25.5,29.4,27.6,43.5,42,41.4,40.5,66,67.5,45,44.4,78,38.4,35.4,24.6,40.5
2025-06-10,37.5,36,35.4,34.5,25.5,29.4,27.6,43.5,42,41.4,40.5,66,67.5,45,44.4,78,38.4,35.4,24.6,40.5
2025-06-11,37.5,36,35.4,34.5,25.5,29.4,27.6,43.5,42,41.4,40.5,66,67.5,45,44.4,78,38.4,35.4,24.6,40.5
2025-06-12,37.5,36,35.4,34.5,25.5,29.4,27.6,43.5,42,41.4,40.5,66,67.5,45,44.4,78,38.4,35.4,24.6,40.5
2025-06-13,37.5,36,35.4,34.5,25.5,29.4,27.6,43.5,42,41.4,40.5,66,67.5,45,44.4,78,38.4,35.4,24.6,40.5
2025-06-14,37.5,36,35.4,34.5,25.5,29.4,27.6,43.5,42,41.4,40.5,66,67.5,45,44.4,78,38.4,35.4,24.6,40.5
2025-06-15,37.5,36,35.4,34.5,25.5,29.4,27.6,43.5,42,41.4,40.5,66,67.5,45,44.4,78,38.4,35.4,24.6,40.5
2025-06-16,37.5,36,35.4,34.5,25.5,29.4,27.6,43.5,42,41.4,40.5,66,67.5,45,44.4,78,38.4,35.4,24.6,40.5
2025-06-17,37.5,36,35.4,34.5,25.5,29.4,27.6,43.5,42,41.4,40.5,66,67.5,45,44.4,78,38.4,35.4,24.6,40.5
2025-06-18,37.5,36,35.4,34.5,25.5,29.4,27.6,43.5,42,41.4,40.5,66,67.5,45,44.4,78,38.4,35.4,24.6,40.5
2025-06-19,37.5,36,35.4,34.5,25.5,29.4,27.6,43.5,42,41.4,40.5,66,67.5,45,44.4,78,38.4,35.4,24.6,40.5
2025-06-20,37.5,36,35.4,34.5,25.5,29.4,27.6,43.5,42,41.4,40.5,66,67.5,45,44.4,78,38.4,35.4,24.6,40.5
2025-06-21,37.5,36,35.4,34.5,25.5,29.4,27.6,43.5,42,41.4,40.5,66,67.5,45,44.4,78,38.4,35.4,24.6,40.5
2025-06-22,37.5,36,35.4,34.5,25.5,29.4,27.6,43.5,42,41.4,40.5,66,67.5,45,44.4,78,38.4,35.4,24.6,40.5
2025-06-23,37.5,36,35.4,34.5,25.5,29.4,27.6,43.5,42,41.4,40.5,66,67.5,45,44.4,78,38.4,35.4,24.6,40.5
2025-06-24,37.5,36,35.4,34.5,25.5,29.4,27.6,43.5,42,41.4,40.5,66,67.5,45,44.4,78,38.4,35.4,24.6,40.5
2025-06-25,37.5,36,35.4,34.5,25.5,29.4,27.6,43.5,42,41.4,40.5,66,67.5,45,44.4,78,38.4,35.4,24.6,40.5
2025-06-26,37.5,36,35.4,34.5,25.5,29.4,27.6,43.5,42,41.4,40.5,66,67.5,45,44.4,78,38.4,35.4,24.6,40.5
2025-06-27,37.5,36,35.4,34.5,25.5,29.4,27.6,43.5,42,41.4,40.5,66,67.5,45,44.4,78,38.4,35.4,24.6,40.5
2025-06-28,37.5,36,35.4,34.5,25.5,29.4,27.6,43.5,42,41.4,40.5,66,67.5,45,44.4,78,38.4,35.4,24.6,40.5
2025-06-29,37.5,36,35.4,34.5,25.5,29.4,27.6,43.5,42,41.4,40.5,66,67.5,45,44.4,78,38.4,35.4,24.6,40.5
2025-06-30,37.5,36,35.4,34.5,25.5,29.4,27.6,43.5,42,41.4,40.5,66,67.5,45,44.4,78,38.4,35.4,24.6,40.5
2025-07-01,37.5,36,35.4,34.5,25.5,29.4,27.6,43.5,42,41.4,40.5,66,67.5,45,44.4,78,38.4,35.4,24.6,40.5
2025-07-02,37.5,36,35.4,34.5,25.5,29.4,27.6,43.5,42,41.4,40.5,66,67.5,45,44.4,78,38.4,35.4,24.6,40.5
2025-07-03,37.5,36,35.4,34.5,25.5,29.4,27.6,43.5,42,41.4,40.5,66,67.5,45,44.4,78,38.4,35.4,24.6,40.5
2025-07-04,37.5,36,35.4,34.5,25.5,29.4,27.6,43.5,42,41.4,40.5,66,67.5,45,44.4,78,38.4,35.4,24.6,40.5
2025-07-05,37.5,36,35.4,34.5,25.5,29.4,27.6,43.5,42,41.4,40.5,66,67.5,45,44.4,78,38.4,35.4,24.6,40.5
2025-07-06,37.5,36,35.4,34.5,25.5,29.4,27.6,43.5,42,41.4,40.5,66,67.5,45,44.4,78,38.4,35.4,24.6,40.5
2025-07-07,37.5,36,35.4,34.5,25.5,29.4,27.6,43.5,42,41.4,40.5,66,67.5,45,44.4,78,38.4,35.4,24.6,40.5
2025-07-08,37.5,36,35.4,34.5,25.5,29.4,27.6,43.5,42,41.4,40.5,66,67.5,45,44.4,78,38.4,35.4,24.6,40.5
2025-07-09,37.5,36,35.4,34.5,25.5,29.4,27.6,43.5,42,41.4,40.5,66,67.5,45,44.4,78,38.4,35.4,24.6,40.5
2025-07-10,37.5,36,35.4,34.5,25.5,29.4,27.6,43.5,42,41.4,40.5,66,67.5,45,44.4,78,38.4,35.4,24.6,40.5
2025-07-11,37.5,36,35.4,34.5,25.5,29.4,27.6,43.5,42,41.4,40.5,66,67.5,45,44.4,78,38.4,35.4,24.6,40.5
2025-07-12,37.5,36,35.4,34.5,25.5,29.4,27.6,43.5,42,41.4,40.5,66,67.5,45,44.4,78,38.4,35.4,24.6,40.5
2025-07-13,37.5,36,35.4,34.5,25.5,29.4,27.6,43.5,42,41.4,40.5,66,67.5,45,44.4,78,38.4,35.4,24.6,40.5
2025-07-14,37.5,36,35.4,34.5,25.5,29.4,27.6,43.5,42,41.4,40.5,66,67.5,45,44.4,78,38.4,35.4,24.6,40.5
2025-07-15,37.5,36,35.4,34.5,25.5,29.4,27.6,43.5,42,41.4,40.5,66,67.5,45,44.4,78,38.4,35.4,24.6,40.5
2025-07-16,37.5,36,35.4,34.5,25.5,29.4,27.6,43.5,42,41.4,40.5,66,67.5,45,44.4,78,38.4,35.4,24.6,40.5
2025-07-17,37.5,36,35.4,34.5,25.5,29.4,27.6,43.5,42,41.4,40.5,66,67.5,45,44.4,78,38.4,35.4,24.6,40.5
2025-07-18,37.5,36,35.4,34.5,25.5,29.4,27.6,43.5,42,41.4,40.5,66,67.5,45,44.4,78,38.4,35.4,24.6,40.5
2025-07-19,37.5,36,35.4,34.5,25.5,29.4,27.6,43.5,42,41.4,40.5,66,67.5,45,44.4,78,38.4,35.4,24.6,40.5
2025-07-20,37.5,36,35.4,34.5,25.5,29.4,27.6,43.5,42,41.4,40.5,66,67.5,45,44.4,78,38.4,35.4,24.6,40.5
2025-07-21,37.5,36,35.4,34.5,25.5,29.4,27.6,43.5,42,41.4,40.5,66,67.5,45,44.4,78,38.4,35.4,24.6,40.5
2025-07-22,37.5,36,35.4,34.5,25.5,29.4,27.6,43.5,42,41.4,40.5,66,67.5,45,44.4,78,38.4,35.4,24.6,40.5
2025-07-23,37.5,36,35.4,34.5,25.5,29.4,27.6,43.5,42,41.4,40.5,66,67.5,45,44.4,78,38.4,35.4,24.6,40.5
2025-07-24,37.5,36,35.4,34.5,25.5,29.4,27.6,43.5,42,41.4,40.5,66,67.5,45,44.4,78,38.4,35.4,24.6,40.5
2025-07-25,37.5,36,35.4,34.5,25.5,29.4,27.6,43.5,42,41.4,40.5,66,67.5,45,44.4,78,38.4,35.4,24.6,40.5
2025-07-26,37.5,36,35.4,34.5,25.5,29.4,27.6,43.5,42,41.4,40.5,66,67.5,45,44.4,78,38.4,35.4,24.6,40.5
2025-07-27,37.5,36,35.4,34.5,25.5,29.4,27.6,43.5,42,41.4,40.5,66,67.5,45,44.4,78,38.4,35.4,24.6,40.5
2025-07-28,37.5,36,35.4,34.5,25.5,29.4,27.6,43.5,42,41.4,40.5,66,67.5,45,44.4,78,38.4,35.4,24.6,40.5
2025-07-29,37.5,36,35.4,34.5,25.5,29.4,27.6,43.5,42,41.4,40.5,66,67.5,45,44.4,78,38.4,35.4,24.6,40.5
2025-07-30,37.5,36,35.4,34.5,25.5,29.4,27.6,43.5,42,41.4,40.5,66,67.5,45,44.4,78,38.4,35.4,24.6,40.5
2025-07-31,37.5,36,35.4,34.5,25.5,29.4,27.6,43.5,42,41.4,40.5,66,67.5,45,44.4,78,38.4,35.4,24.6,40.5
2025-08-01,37.5,36,35.4,34.5,25.5,29.4,27.6,43.5,42,41.4,40.5,66,67.5,45,44.4,78,38.4,35.4,24.6,40.5
2025-08-02,37.5,36,35.4,34.5,25.5,29.4,27.6,43.5,42,41.4,40.5,66,67.5,45,44.4,78,38.4,35.4,24.6,40.5
2025-08-03,37.5,36,35.4,34.5,25.5,29.4,27.6,43.5,42,41.4,40.5,66,67.5,45,44.4,78,38.4,35.4,24.6,40.5
2025-08-04,37.5,36,35.4,34.5,25.5,29.4,27.6,43.5,42,41.4,40.5,66,67.5,45,44.4,78,38.4,35.4,24.6,40.5
2025-08-05,37.5,36,35.4,34.5,25.5,29.4,27.6,43.5,42,41.4,40.5,66,67.5,45,44.4,78,38.4,35.4,24.6,40.5
2025-08-06,37.5,36,35.4,34.5,25.5,29.4,27.6,43.5,42,41.4,40.5,66,67.5,45,44.4,78,38.4,35.4,24.6,40.5
2025-08-07,37.5,36,35.4,34.5,25.5,29.4,27.6,43.5,42,41.4,40.5,66,67.5,45,44.4,78,38.4,35.4,24.6,40.5
2025-08-08,37.5,36,35.4,34.5,25.5,29.4,27.6,43.5,42,41.4,40.5,66,67.5,45,44.4,78,38.4,35.4,24.6,40.5
2025-08-09,37.5,36,35.4,34.5,25.5,29.4,27.6,43.5,42,41.4,40.5,66,67.5,45,44.4,78,38.4,35.4,24.6,40.5
2025-08-10,37.5,36,35.4,34.5,25.5,29.4,27.6,43.5,42,41.4,40.5,66,67.5,45,44.4,78,38.4,35.4,24.6,40.5
2025-08-11,37.5,36,35.4,34.5,25.5,29.4,27.6,43.5,42,41.4,40.5,66,67.5,45,44.4,78,38.4,35.4,24.6,40.5
2025-08-12,37.5,36,35.4,34.5,25.5,29.4,27.6,43.5,42,41.4,40.5,66,67.5,45,44.4,78,38.4,35.4,24.6,40.5
2025-08-13,37.5,36,35.4,34.5,25.5,29.4,27.6,43.5,42,41.4,40.5,66,67.5,45,44.4,78,38.4,35.4,24.6,40.5
2025-08-14,37.5,36,35.4,34.5,25.5,29.4,27.6,43.5,42,41.4,40.5,66,67.5,45,44.4,78,38.4,35.4,24.6,40.5
2025-08-15,37.5,36,35.4,34.5,25.5,29.4,27.6,43.5,42,41.4,40.5,66,67.5,45,44.4,78,38.4,35.4,24.6,40.5
2025-08-16,37.5,36,35.4,34.5,25.5,29.4,27.6,43.5,42,41.4,40.5,66,67.5,45,44.4,78,38.4,35.4,24.6,40.5
2025-08-17,37.5,36,35.4,34.5,25.5,29.4,27.6,43.5,42,41.4,40.5,66,67.5,45,44.4,78,38.4,35.4,24.6,40.5
2025-08-18,37.5,36,35.4,34.5,25.5,29.4,27.6,43.5,42,41.4,40.5,66,67.5,45,44.4,78,38.4,35.4,24.6,40.5
2025-08-19,37.5,36,35.4,34.5,25.5,29.4,27.6,43.5,42,41.4,40.5,66,67.5,45,44.4,78,38.4,35.4,24.6,40.5
2025-08-20,37.5,36,35.4,34.5,25.5,29.4,27.6,43.5,42,41.4,40.5,66,67.5,45,44.4,78,38.4,35.4,24.6,40.5
2025-08-21,37.5,36,35.4,34.5,25.5,29.4,27.6,43.5,42,41.4,40.5,66,67.5,45,44.4,78,38.4,35.4,24.6,40.5
2025-08-22,37.5,36,35.4,34.5,25.5,29.4,27.6,43.5,42,41.4,40.5,66,67.5,45,44.4,78,38.4,35.4,24.6,40.5
2025-08-23,37.5,36,35.4,34.5,25.5,29.4,27.6,43.5,42,41.4,40.5,66,67.5,45,44.4,78,38.4,35.4,24.6,40.5
2025-08-24,37.5,36,35.4,34.5,25.5,29.4,27.6,43.5,42,41.4,40.5,66,67.5,45,44.4,78,38.4,35.4,24.6,40.5
2025-08-25,37.5,36,35.4,34.5,25.5,29.4,27.6,43.5,42,41.4,40.5,66,67.5,45,44.4,78,38.4,35.4,24.6,40.5
2025-08-26,37.5,36,35.4,34.5,25.5,29.4,27.6,43.5,42,41.4,40.5,66,67.5,45,44.4,78,38.4,35.4,24.6,40.5
2025-08-27,37.5,36,35.4,34.5,25.5,29.4,27.6,43.5,42,41.4,40.5,66,67.5,45,44.4,78,38.4,35.4,24.6,40.5
2025-08-28,37.5,36,35.4,34.5,25.5,29.4,27.6,43.5,42,41.4,40.5,66,67.5,45,44.4,78,38.4,35.4,24.6,40.5
2025-08-29,37.5,36,35.4,34.5,25.5,29.4,27.6,43.5,42,41.4,40.5,66,67.5,45,44.4,78,38.4,35.4,24.6,40.5
2025-08-30,37.5,36,35.4,34.5,25.5,29.4,27.6,43.5,42,41.4,40.5,66,67.5,45,44.4,78,38.4,35.4,24.6,40.5
2025-08-31,37.5,36,35.4,34.5,25.5,29.4,27.6,43.5,42,41.4,40.5,66,67.5,45,44.4,78,38.4,35.4,24.6,40.5
2025-09-01,37.5,36,35.4,34.5,25.5,29.4,27.6,43.5,42,41.4,40.5,66,67.5,45,44.4,78,38.4,35.4,24.6,40.5
2025-09-02,37.5,36,35.4,34.5,25.5,29.4,27.6,43.5,42,41.4,40.5,66,67.5,45,44.4,78,38.4,35.4,24.6,40.5
2025-09-03,37.5,36,35.4,34.5,25.5,29.4,27.6,43.5,42,41.4,40.5,66,67.5,45,44.4,78,38.4,35.4,24.6,40.5
2025-09-04,37.5,36,35.4,34.5,25.5,29.4,27.6,43.5,42,41.4,40.5,66,67.5,45,44.4,78,38.4,35.4,24.6,40.5
2025-09-05,37.5,36,35.4,34.5,25.5,29.4,27.6,43.5,42,41.4,40.5,66,67.5,45,44.4,78,38.4,35.4,24.6,40.5
2025-09-06,37.5,36,35.4,34.5,25.5,29.4,27.6,43.5,42,41.4,40.5,66,67.5,45,44.4,78,38.4,35.4,24.6,40.5
2025-09-07,37.5,36,35.4,34.5,25.5,29.4,27.6,43.5,42,41.4,40.5,66,67.5,45,44.4,78,38.4,35.4,24.6,40.5
2025-09-08,37.5,36,35.4,34.5,25.5,29.4,27.6,43.5,42,41.4,40.5,66,67.5,45,44.4,78,38.4,35.4,24.6,40.5
2025-09-09,37.5,36,35.4,34.5,25.5,29.4,27.6,43.5,42,41.4,40.5,66,67.5,45,44.4,78,38.4,35.4,24.6,40.5
2025-09-10,37.5,36,35.4,34.5,25.5,29.4,27.6,43.5,42,41.4,40.5,66,67.5,45,44.4,78,38.4,35.4,24.6,40.5
2025-09-11,37.5,36,35.4,34.5,25.5,29.4,27.6,43.5,42,41.4,40.5,66,67.5,45,44.4,78,38.4,35.4,24.6,40.5
2025-09-12,37.5,36,35.4,34.5,25.5,29.4,27.6,43.5,42,41.4,40.5,66,67.5,45,44.4,78,38.4,35.4,24.6,40.5
2025-09-13,37.5,36,35.4,34.5,25.5,29.4,27.6,43.5,42,41.4,40.5,66,67.5,45,44.4,78,38.4,35.4,24.6,40.5
2025-09-14,37.5,36,35.4,34.5,25.5,29.4,27.6,43.5,42,41.4,40.5,66,67.5,45,44.4,78,38.4,35.4,24.6,40.5
2025-09-15,37.5,36,35.4,34.5,25.5,29.4,27.6,43.5,42,41.4,40.5,66,67.5,45,44.4,78,38.4,35.4,24.6,40.5
2025-09-16,37.5,36,35.4,34.5,25.5,29.4,27.6,43.5,42,41.4,40.5,66,67.5,45,44.4,78,38.4,35.4,24.6,40.5
2025-09-17,37.5,36,35.4,34.5,25.5,29.4,27.6,43.5,42,41.4,40.5,66,67.5,45,44.4,78,38.4,35.4,24.6,40.5
2025-09-18,37.5,36,35.4,34.5,25.5,29.4,27.6,43.5,42,41.4,40.5,66,67.5,45,44.4,78,38.4,35.4,24.6,40.5
2025-09-19,37.5,36,35.4,34.5,25.5,29.4,27.6,43.5,42,41.4,40.5,66,67.5,45,44.4,78,38.4,35.4,24.6,40.5
2025-09-20,37.5,36,35.4,34.5,25.5,29.4,27.6,43.5,42,41.4,40.5,66,67.5,45,44.4,78,38.4,35.4,24.6,40.5
2025-09-21,37.5,36,35.4,34.5,25.5,29.4,27.6,43.5,42,41.4,40.5,66,67.5,45,44.4,78,38.4,35.4,24.6,40.5
2025-09-22,37.5,36,35.4,34.5,25.5,29.4,27.6,43.5,42,41.4,40.5,66,67.5,45,44.4,78,38.4,35.4,24.6,40.5
2025-09-23,37.5,36,35.4,34.5,25.5,29.4,27.6,43.5,42,41.4,40.5,66,67.5,45,44.4,78,38.4,35.4,24.6,40.5
2025-09-24,37.5,36,35.4,34.5,25.5,29.4,27.6,43.5,42,41.4,40.5,66,67.5,45,44.4,78,38.4,35.4,24.6,40.5
2025-09-25,37.5,36,35.4,34.5,25.5,29.4,27.6,43.5,42,41.4,40.5,66,67.5,45,44.4,78,38.4,35.4,24.6,40.5
2025-09-26,37.5,36,35.4,34.5,25.5,29.4,27.6,43.5,42,41.4,40.5,66,67.5,45,44.4,78,38.4,35.4,24.6,40.5
2025-09-27,37.5,36,35.4,34.5,25.5,29.4,27.6,43.5,42,41.4,40.5,65.59,67.5,45,44.4,78,38.4,35.4,24.6,40.5
2025-09-28,37.5,36,35.4,34.5,25.5,29.4,27.6,43.5,42,41.4,40.5,66,67.5,45,44.4,78,38.4,35.4,24.6,40.5
2025-09-29,37.5,36,35.4,34.5,25.5,29.4,27.6,43.5,42,41.4,40.5,66,67.5,45,44.4,78,38.4,35.4,24.6,40.5
2025-09-30,37.5,36,35.4,34.5,25.5,29.4,27.6,43.5,42,41.4,40.5,66,67.5,45,44.4,78,38.4,35.4,24.6,40.5
2025-10-01,37.5,36,35.34,34.01,25.5,29.4,27.6,43.5,41.47,41.05,40.5,64.44,66.04,44.96,44.4,78,38.4,34.98,24.6,40.05
2025-10-02,37.39,35.56,35.25,34.5,25.5,29.4,26.85,43.17,42,41.4,39.99,66,67.5,44.78,44.4,78,37.35,35.4,24.6,39.38
2025-10-03,37.5,36,35.04,34.5,25.5,29.4,26.25,42.83,41.45,41.4,40.5,64.34,65.67,44.46,43.65,78,36.44,35.4,24.6,38.82
2025-10-04,37.37,36,34.88,34.09,25.5,29.4,25.72,43.5,42,41.37,40.5,66,64.24,44.27,44.4,78,38.4,35.4,24.6,40.5
2025-10-05,37.08,36,34.61,34.5,25.5,29.4,27.6,43.35,42,41.19,39.95,64.39,67.5,45,43.82,78,38.4,35.4,24.6,40.5
2025-10-06,37.5,36,35.4,34.5,25.5,29.4,27.6,43.5,41.25,41.18,39.38,66,67.5,45,43.29,78,38.4,35.4,24.6,40.04
2025-10-07,37.47,36,35.21,33.9,25.5,29.4,26.96,43.27,42,41.4,38.69,66,67.5,45,42.64,78,38.4,34.75,24.6,40.5
2025-10-08,37.5,36,35.4,34.5,25.5,29.4,26.31,43.5,41.23,41.4,40.5,66,65.92,45,42.21,78,38.4,35.4,24.6,40.09
2025-10-09,37.46,35.51,35.14,34.06,25.5,29.4,25.81,43.5,42,41.4,40.5,66,67.5,44.89,44.4,78,38.4,35.4,24.6,40.5
2025-10-10,37.42,36,35.13,34.5,25.5,29.4,25.32,43.29,41.29,41.4,40.08,64.26,67.5,44.56,43.6,78,38.4,35.4,24.6,40.5
2025-10-11,37.15,35.36,35.11,34.11,25.5,29.4,27.6,43.5,42,41.28,40.5,62.76,67.5,45,42.96,78,37.46,34.94,24.6,39.75
2025-10-12,36.98,31.31,35.4,33.63,25.5,29.4,26.99,43.23,42,41.4,40.5,61.48,65.74,44.86,44.4,78,38.4,35.4,24.6,39.24
2025-10-13,37.5,34.71,35.4,33.26,25.5,29.4,27.6,43.5,42,41.4,40.5,66,67.5,44.58,43.62,78,37.44,35.01,24.6,40.5
2025-10-14,37.25,34.23,35.4,34.5,25.5,29.4,27.6,43.5,41.5,41.25,40.5,64.33,67.5,44.44,44.4,78,38.4,34.6,24.6,39.88
2025-10-15,37.18,36,35.4,34.5,25.5,29.4,26.85,43.5,41.05,40.9,40.5,62.95,65.79,45,44.4,78,37.38,34.24,24.6,39.26
2025-10-16,37.5,36,35.27,34.5,25.5,29.4,26.2,43.34,42,41.4,40.5,61.3,67.5,45,44.4,78,36.33,35.4,24.6,40.5
2025-10-17,37.5,36,35.4,33.92,25.5,29.4,27.6,43.07,41.42,41.4,39.98,66,67.5,45,43.62,78,38.4,35.4,24.6,39.79
2025-10-18,37.5,36,35.22,34.5,25.5,29.4,27.6,43.5,40.96,41.3,40.5,64.19,65.74,44.81,42.9,78,37.39,35,24.6,40.5
2025-10-19,37.5,36,35.4,34.06,25.5,29.4,26.98,43.5,42,41.4,39.78,62.75,64.03,45,42.26,78,36.38,35.4,24.6,40.5
2025-10-20,37.17,36,35.11,33.63,25.5,29.4,27.6,43.5,42,41.26,39.19,61.43,62.64,44.84,44.4,78,38.4,35.4,24.6,40.5
2025-10-21,37.03,35.35,35.4,34.5,25.5,29.4,27.6,43.5,41.2,41.4,40.5,59.94,61.44,45,44.4,78,38.4,35.4,24.6,40.5
2025-10-22,36.89,34.75,35.12,33.9,25.5,29.4,27.6,43.42,42,41.4,40.5,58.39,67.2,45,44.4,78,37.54,35.4,24.6,40.5
2025-10-23,37.5,36,35.4,33.37,25.5,29.4,26.91,43.18,41.55,41.04,40.5,57.25,67.5,45,43.57,78,38.4,35.02,24.6,40.5
2025-10-24,37.5,35.6,35.34,34.5,25.5,29.4,27.6,43.5,42,40.66,40.5,55.64,65.81,44.88,44.4,78,38.4,34.43,24.6,39.84
2025-10-25,37.41,35.2,35.4,34.13,25.5,29.4,26.85,43.26,42,41.4,40.5,61.21,64.35,44.78,43.67,78,37.33,33.92,24.6,39.07
2025-10-26,37.27,34.8,35.4,34.5,25.5,29.4,26.24,43.5,42,41.4,40.5,59.84,63.07,44.6,44.4,78,36.38,33.47,24.6,38.59
2025-10-27,36.95,36,35.4,33.95,25.5,29.4,25.59,43.5,41.44,40.99,40.5,58.22,61.37,44.49,44.4,78,35.66,35.4,24.6,38.03
2025-10-28,34.53,36,35.35,33.4,25.5,29.4,24.86,43.5,42,40.87,40.5,56.98,59.73,44.21,44.4,78,34.81,34.89,24.6,37.42
2025-10-29,34.47,36,35.4,32.97,25.5,29.4,27.33,43.5,41.38,40.76,40.5,55.62,58.32,44.02,43.65,78,33.95,34.35,24.6,36.74
2025-10-30,37.5,36,35.27,34.5,25.5,29.4,27.6,43.5,42,40.57,39.97,61.27,64.17,45,44.4,78,37.19,33.85,24.6,36.14
2025-10-31,37.44,35.54,35.01,33.89,25.5,29.4,26.98,43.26,42,40.29,39.39,59.59,67.5,44.57,43.91,78,36.3,35.4,24.6,40.14
2025-11-01,37.2,34.92,35.4,33.26,25.5,29.4,27.6,42.93,41.17,40.1,40.5,65.39,67.5,45,44.4,78,35.54,34.82,24.6,40.5
2025-11-02,37.06,34.31,35.16,32.72,25.5,29.4,27.6,42.8,40.64,41.4,39.87,63.57,65.65,44.87,44.4,78,34.77,32.91,24.6,40.5
2025-11-03,37.5,33.79,35.4,32.16,25.5,29.4,27.6,42.44,42,41.4,39.1,55.69,67.5,44.45,44.4,78,33.98,32.27,24.6,40.5
2025-11-04,37.5,33.17,35.4,34.5,25.5,29.4,27.6,42.28,41.51,41.4,40.5,54.42,67.5,45,44.4,78,37.27,31.81,24.6,39.99
2025-11-05,37.5,36,35.13,33.89,25.5,29.4,27.6,42.15,40.76,41.4,39.77,60.01,66.03,45,44.4,78,36.37,31.35,24.6,40.5
2025-11-06,37.35,35.59,35.4,33.33,25.5,29.4,26.81,43.5,40.09,41.1,40.5,58.78,67.5,44.53,43.62,78,38.4,34.77,24.6,39.83
2025-11-07,37.5,36,35.18,32.76,25.48,29.4,27.6,43.18,42,40.78,40.5,64.61,65.56,45,42.8,78,38.4,35.4,24.6,40.5
2025-11-08,37.4,35.59,35.4,34.5,25.5,29.4,27.6,43.03,42,40.54,40.5,66,64.03,44.9,42.14,78,37.52,34.7,24.6,39.84
2025-11-09,37.25,35.16,35.08,33.85,25.5,29.4,27.6,42.72,42,40.19,39.86,66,67.5,45,41.51,78,38.4,35.4,24.6,40.5
2025-11-10,37.5,36,34.9,34.5,25.5,29.4,27.6,43.5,41.17,41.4,39.36,66,65.97,45,44.4,78,38.4,34.95,24.6,39.89
2025-11-11,37.19,36,35.4,33.87,25.5,29.4,27.6,43.5,40.59,41.4,40.5,64.38,67.5,44.52,43.76,78,38.4,34.39,24.6,39.29
2025-11-12,37.09,35.47,35.24,33.44,25.5,29.4,26.8,43.39,40.1,41.31,39.79,66,65.5,44.32,42.98,78,38.4,35.4,24.6,40.5
2025-11-13,37.5,35.04,34.86,34.5,25.5,29.4,26.02,43.5,39.4,41.09,39.25,66,67.5,43.87,42.46,78,37.49,35.4,24.6,39.71
2025-11-14,37.1,36,34.75,34.5,25.5,29.4,25.36,43.5,42,40.87,38.57,64.36,65.97,45,44.4,78,38.4,35.4,24.6,39
2025-11-15,37.5,36,35.4,33.82,25.5,29.4,27.6,43.5,42,40.62,37.9,66,67.5,45,43.7,78,37.4,35.4,24.6,40.5
2025-11-16,37.16,36,35.18,33.39,25.5,29.4,27.6,43.07,42,40.21,40.5,66,67.5,44.66,44.4,78,38.4,34.76,24.6,40.5
2025-11-17,37.5,36,34.8,34.5,25.5,29.4,26.89,42.61,42,39.86,40.5,66,67.5,45,44.4,78,38.4,34.16,24.6,40.5
2025-11-18,37.5,36,35.4,34.5,25.5,29.4,27.6,43.5,41.14,39.73,40.5,64.3,67.5,44.52,43.57,78,37.51,33.6,24.6,40.5
2025-11-19,37.39,35.54,35.4,33.97,25.5,29.4,26.95,43.21,42,41.4,40.5,66,67.5,45,43.04,78,38.4,35.4,24.6,39.74
2025-11-20,37.5,34.9,35.4,34.5,25.5,29.4,26.19,42.98,42,41.24,39.97,66,67.5,45,42.26,78,37.26,34.91,24.6,39.04
2025-11-21,37.5,34.3,35.22,34.05,25.5,29.4,27.6,43.5,41.37,41.11,40.5,64.5,67.5,45,44.4,78,38.4,34.44,24.6,40.5
2025-11-22,37.5,36,35.12,34.5,25.5,29.4,27.6,43.5,40.74,40.96,40.5,66,67.5,45,43.77,78,38.4,33.98,24.6,39.85
2025-11-23,37.14,36,35.4,34.04,25.49,29.4,27.6,43.5,39.91,40.69,40.5,64.06,65.95,44.79,43.16,78,37.5,33.29,24.6,39.28
2025-11-24,36.89,36,35.23,34.5,25.5,29.4,26.9,43.5,39.29,41.4,40.5,62.37,64.09,44.6,44.4,78,38.4,32.75,24.6,40.5
2025-11-25,37.5,36,34.89,34.5,25.46,29.4,27.6,43.2,38.66,41.4,40.5,60.86,62.34,45,44.4,78,38.4,35.4,24.6,39.86
2025-11-26,37.09,36,35.4,34.5,25.5,29.4,27.6,43.5,42,41.2,40.5,66,67.5,45,44.4,78,38.4,35.4,24.6,36.06
2025-11-27,37.5,35.45,35.4,34.5,25.5,29.4,27.6,43.03,41.31,41.4,39.72,64.19,65.95,44.51,43.77,78,38.4,34.77,24.6,40.29
2025-11-28,37.26,34.79,35.07,33.98,25.5,29.4,26.88,42.74,40.73,41.01,39.18,66,67.5,44.04,42.97,78,38.4,35.4,24.6,39.6
2025-11-29,37.07,34.1,35.4,33.42,25.5,29.4,26.07,43.5,42,40.65,40.5,64.52,67.5,43.89,44.4,78,37.55,34.72,24.6,38.99
2025-11-30,37.5,36,35.4,34.5,25.5,29.4,25.3,43.5,42,41.4,40.5,66,65.85,45,44.4,78,36.62,34.21,24.6,38.25
2025-12-01,37.13,36,35.12,34.5,25.5,29.4,27.6,43.5,42,40.97,39.75,66,63.94,45,44.4,78,38.4,33.72,24.6,37.6
2025-12-02,37.5,35.32,35.4,34.5,25.5,29.4,27.6,42.99,41.16,41.4,40.5,66,67.5,44.81,43.57,78,38.4,35.4,24.6,40.02
2025-12-03,37.5,36,35.4,34.5,25.5,29.4,27.6,42.66,40.51,41.1,39.68,64.38,65.79,45,44.4,78,37.44,34.67,24.6,40.5
2025-12-04,37.37,36,35.4,34.5,25.5,29.4,26.82,43.5,39.7,41.4,40.5,66,67.5,45,44.4,78,36.41,34.03,24.6,40.5
2025-12-05,37.5,35.3,35.11,33.78,25.5,29.4,26.08,43.5,42,41.4,40.5,66,65.92,44.71,44.4,78,35.52,33.39,24.6,40.5
2025-12-06,37.5,34.7,35.4,33.19,25.5,29.4,25.5,43.5,42,41.4,40.5,64.49,63.92,44.55,43.59,78,38.4,35.4,24.6,40.5
2025-12-07,37.14,33.97,35.14,32.61,25.5,29.4,24.93,42.99,41.28,41.01,39.74,62.98,67.5,45,44.4,78,38.4,34.78,24.6,40.5
2025-12-08,36.69,33.26,35.4,32.15,25.45,29.4,24.2,43.5,40.63,41.4,38.92,61.49,67.5,45,44.4,78,38.4,35.4,24.6,39.7
2025-12-09,37.5,32.57,35.13,34.5,25.5,29.4,23.67,43.5,39.88,41.01,38.43,66,65.53,44.76,43.7,78,37.39,34.84,24.6,39.16
2025-12-10,37.05,31.95,34.76,34.5,25.5,29.4,23.02,43.5,42,41.4,37.65,64.43,67.5,44.34,42.92,78,36.55,34.13,24.6,40.5
2025-12-11,36.78,31.31,34.51,34,25.5,29.4,22.34,43.25,42,41.4,40.5,66,65.84,43.94,44.4,78,38.4,35.4,24.6,40.5
2025-12-12,37.5,30.82,35.4,33.44,25.5,29.4,21.81,42.88,41.24,41.4,39.66,64.45,63.96,45,44.4,78,38.4,35.4,24.6,39.81
2025-12-13,37.5,30.33,35.11,34.5,25.5,29.4,21.24,43.5,40.63,41.03,40.5,66,67.5,44.76,44.4,78,38.4,34.65,24.56,40.5
2025-12-14,37.5,33.92,34.82,33.89,25.5,29.4,20.7,43.5,42,41.4,39.69,64.47,67.5,44.32,43.66,78,38.4,34.17,24.6,39.72
2025-12-15,37.5,36,34.55,33.31,25.5,29.4,20.22,43.26,41.2,41.4,40.5,62.71,65.95,45,44.4,78,38.4,35.4,24.6,40.5
2025-12-16,37.5,35.35,34.36,32.84,25.5,29.4,22.29,43.5,40.6,41.4,40.5,66,67.5,44.65,43.66,78,37.39,34.64,24.6,40.5
2025-12-17,37.5,36,35.4,34.5,25.5,29.4,21.76,43.5,42,41.19,40.5,66,67.5,45,44.4,78,36.54,35.4,24.6,39.75
2025-12-18,37.5,36,35.4,34.5,25.5,29.4,21.18,43.5,42,40.97,40.5,66,65.59,44.66,44.4,78,38.4,34.64,24.6,39.22
2025-12-19,37.34,35.51,35.18,34.5,25.5,29.4,23.53,43.05,41.35,40.55,39.83,64.47,64,45,44.4,78,37.44,35.4,24.6,38.51
2025-12-20,37.5,36,35.4,34.5,25.5,29.4,22.85,42.71,42,41.4,40.5,66,62.04,45,43.79,78,38.4,35.4,24.6,37.84
2025-12-21,37.5,36,35.25,34.5,25.5,29.4,22.37,42.45,41.18,41.22,39.69,66,60.31,45,44.4,78,38.4,34.89,24.6,40.5
2025-12-22,37.1,36,35.07,34.5,25.5,29.4,24.63,41.92,40.3,41.4,40.5,63.94,58.7,45,43.57,78,37.42,35.4,24.54,39.82
2025-12-23,36.89,35.27,35.4,33.74,25.5,29.4,23.94,43.5,42,41.11,39.81,66,57.13,45,42.7,78,38.4,34.7,24.6,40.5
2025-12-24,37.5,34.67,35.4,34.5,25.5,29.4,23.25,43.5,42,40.74,40.5,64.14,55.34,45,41.84,78,35.4,35.4,24.6,40.5
2025-12-25,37.03,36,35.4,33.9,25.5,29.4,25.77,43.5,42,40.41,39.62,66,54.06,45,41.02,78,38.4,34.64,24.6,40.5
2025-12-26,36.62,35.47,35.4,33.2,25.5,29.4,25.06,43.5,42,39.92,40.5,66,52.56,44.68,44.4,78,37.43,35.4,24.6,39.83
2025-12-27,36.35,34.78,35.4,32.54,25.5,29.4,27.6,43.08,41.07,41.4,39.75,66,51.48,45,44.4,78,36.39,35.4,24.6,40.5
2025-12-28,37.5,36,34.97,34.5,25.5,29.4,26.79,43.5,42,41.4,38.95,64.4,56.87,45,41.2,78,35.43,34.76,24.59,40.5
2025-12-29,37.06,35.36,35.4,33.9,25.5,29.4,27.6,43.04,42,41.4,38.36,66,63,45,40.42,78,38.4,34.03,24.6,40.5
2025-12-30,36.69,36,35.4,34.5,25.5,29.4,26.78,42.67,42,41.4,40.5,66,67.5,45,39.62,78,38.4,35.4,24.6,39.83
2025-12-31,36.43,36,34.93,33.88,25.5,29.4,27.6,43.5,42,41.4,40.5,64.13,65.36,45,44.07,78,37.27,34.77,24.6,40.5
2026-01-01,31.72,31.26,34.52,29.39,25.21,28.94,27.18,43.05,41.51,40.98,40,55.74,64.38,44.27,43.36,67.62,32.29,30.08,21.43,40.03
2026-01-02,31.46,24.56,30.08,28.92,24.86,25.04,26.85,42.65,41.07,35.55,39.54,48.5,55.96,38.42,42.9,66.62,28.13,26.09,21.24,34.9
2026-01-03,27.22,24.27,26.06,25.24,24.6,24.7,26.54,42.11,40.58,30.77,34.45,42.4,55.27,33.28,37.39,65.55,27.81,25.79,18.54,30.42
2026-01-04,27.06,24.04,25.9,21.98,21.31,24.46,23.03,41.55,39.97,30.39,30.07,41.99,48.11,32.92,37.01,64.5,27.6,22.57,18.34,26.61
2026-01-05,26.76,23.78,22.6,19.27,21,24.28,22.76,36.18,39.59,26.3,29.86,41.38,47.63,32.42,36.58,55.86,27.43,22.26,18.12,23.24
2026-01-06,26.56,20.82,22.35,19.02,20.73,23.94,19.72,35.87,39.02,25.99,25.98,36.16,46.98,32.2,31.83,55.35,23.89,21.95,15.8,22.98
2026-01-07,23.14,20.74,22.27,18.76,18.02,23.68,17.15,35.53,38.5,25.83,25.8,36.12,41.12,31.95,31.58,54.65,23.79,21.85,15.88,22.82
2026-01-08,17.96,18.17,22.18,18.53,17.78,20.68,14.93,31.04,33.54,25.72,22.52,31.53,35.78,27.86,31.23,54.24,23.62,21.57,13.85,22.53
2026-01-09,17.78,18.05,22.02,16.19,15.47,20.5,13.04,27.02,33.17,22.26,22.34,27.59,35.36,27.59,30.95,47.22,23.49,18.82,12.13,22.23
2026-01-10,17.75,17.86,19.32,14.26,15.26,20.25,13.05,26.88,28.74,19.36,22.01,27.62,34.88,27.35,30.68,46.59,23.34,18.63,13.82,19.38
2026-01-11,17.71,15.54,16.86,12.49,13.35,20.1,11.45,26.53,28.46,16.94,21.76,24.43,34.4,27.27,30.55,40.49,23.12,18.58,13.76,19.4
2026-01-12,17.61,13.69,16.81,10.88,11.72,19.94,10.06,23.11,28.11,14.99,21.6,24.36,30.2,27.12,26.74,40.06,23.04,16.35,13.73,16.85
2026-01-13,15.26,11.92,16.74,10.9,11.73,17.28,10.04,23.04,24.46,15.13,18.72,21.33,30.28,23.66,23.24,34.98,20.11,16.18,13.72,14.63
2026-01-14,15.2,11.9,14.61,10.8,11.64,15.14,8.75,22.95,21.19,15.15,16.23,18.85,26.29,23.54,22.95,34.93,20,15.99,13.62,14.57
2026-01-15,13.38,10.49,14.54,10.92,10.12,15.14,7.71,19.9,20.91,13.38,16.26,19.07,23.01,20.69,20.05,34.56,17.6,13.86,13.47,14.42
2026-01-16,11.81,9.26,14.57,9.49,8.81,15.13,7.67,19.86,20.65,13.51,14.14,16.99,20,20.52,17.51,30.37,15.38,12.21,13.42,12.82
2026-01-17,11.69,8.33,12.68,9.58,8.8,13.12,6.74,17.44,18.11,13.49,12.47,15.03,20.21,17.15,15.4,30.21,13.6,12.09,11.71,12.72
2026-01-18,10.35,7.3,12.59,9.53,8.76,13.13,6.04,15.13,15.8,11.97,12.45,15.33,18.01,17.1,15.4,26.75,11.82,10.62,10.28,12.81
2026-01-19,10.52,6.46,12.7,8.49,8.69,11.52,6.18,13.35,13.92,12.06,12.35,10.47,16.04,17.13,13.59,23.26,11.71,9.27,10.25,11.25
2026-01-20,9.38,5.68,11.19,7.62,9.8,10.03,6.24,11.78,13.93,10.57,12.35,9.52,14.21,17.22,13.72,20.81,10.27,8.2,8.91,9.83
2026-01-21,9.52,5.72,11.23,6.88,9.78,8.75,5.46,10.41,14.07,9.31,11.02,9.81,12.64,15.04,11.98,18.32,8.99,7.27,8.93,9.79
2026-01-22,8.38,5.24,11.3,6.86,8.57,7.65,5.53,10.41,12.24,9.55,11.11,8.81,11.34,13.19,12.08,16.45,8.08,7.35,7.78,9.93
2026-01-23,7.38,5.28,11.43,6.2,7.49,6.72,4.97,9.18,12.2,8.44,11.08,8.8,10.02,13.23,10.59,16.37,8.13,6.41,7.75,10.11
2026-01-24,7.48,4.83,11.39,6.24,7.61,6.69,4.41,8.25,10.81,7.59,9.67,8.8,9,13.19,10.68,16.81,7.29,5.67,6.81,9.02
2026-01-25,7.46,5.07,11.37,5.62,6.67,5.91,3.91,7.4,10.89,7.85,9.91,8.83,9,13.4,9.6,14.99,6.54,5.73,6,9.02
2026-01-26,6.52,5.27,11.41,5.77,8.37,5.37,3.68,6.62,10.98,6.86,8.68,8.8,9,13.62,8.37,13.14,6.68,5.27,5.26,7.87
2026-01-27,6.59,4.8,11.43,5.9,8.45,5.38,3.83,5.89,10.97,6,7.7,8.8,9,11.9,7.64,13.4,6.05,4.88,5.29,6.99
2026-01-28,5.92,4.95,10.1,5.98,7.38,5.56,3.68,6.22,9.66,6.23,7.96,8.9,9.17,11.97,7.73,13.81,6.14,5.05,4.64,7.17
2026-01-29,6.13,5.08,10.16,5.26,7.38,5.56,3.68,8.1,9.73,6.27,8.08,8.8,9.21,10.47,7,14.27,6.28,5.32,4.14,6.36
2026-01-30,6.38,4.8,8.86,5.42,7.38,5.07,3.79,7.29,8.66,5.71,7.14,8.8,9.4,9.43,6.23,12.76,5.73,5.38,3.73,6.53
2026-01-31,5.86,4.8,7.83,4.92,7.46,5.17,3.86,7.48,7.6,5.98,6.26,8.81,9,8.4,5.92,11.25,5.12,4.94,3.4,5.98
2026-02-01,6.1,4.8,8.01,5.1,7.52,5.17,3.68,6.87,6.7,6.23,5.6,8.8,9,7.59,5.97,11.44,5.41,4.72,3.28,5.51
2026-02-02,5.47,4.86,7.2,5.2,6.58,5.22,3.68,7.05,6.87,5.77,5.86,8.92,9,7.61,6.07,11.91,5.12,4.72,3.43,5.4
2026-02-03,5,4.91,6.39,5.22,6.53,4.73,3.78,7.17,6.88,5.52,6.01,9.38,9,7.7,6.39,11.02,5.12,4.72,3.58,5.48
2026-02-04,5.26,4.8,5.64,5.43,6.63,4.32,3.68,7.22,6.97,5.52,6.3,9.64,9,7.01,5.92,10.4,5.14,4.72,3.69,5.4
2026-02-05,5,5.01,5.75,4.88,6.59,4.51,3.68,7.22,6.99,5.52,6.34,9.7,9.33,6.16,5.92,10.76,5.35,4.72,3.36,5.4
2026-02-06,5.04,5.02,5.27,4.95,5.85,4.11,3.76,7.46,6.26,5.52,5.72,8.8,9,6,5.92,10.4,5.12,4.79,3.53,5.65
2026-02-07,5,5.13,5.5,4.6,5.15,3.92,3.87,6.61,5.65,5.52,6,8.82,9.22,6.26,5.96,10.83,5.12,4.81,3.28,5.4
2026-02-08,5.29,4.8,5.05,4.6,4.58,4.09,4.01,6.75,5.66,5.52,6.14,8.8,9.29,6,5.92,11.18,5.22,5.08,3.4,5.71
2026-02-09,5.48,4.8,4.72,4.86,4.58,3.92,4.13,7.01,5.94,5.82,5.56,8.8,9.58,6.35,6.08,11.43,5.33,4.72,3.28,5.83
2026-02-10,5,5.04,4.79,5.06,4.65,3.92,4.25,7.18,6.27,6.11,5.4,8.8,9.68,6,5.92,10.4,5.12,4.81,3.28,5.4
2026-02-11,5,4.8,4.72,4.61,4.11,4.08,3.88,7.35,5.6,5.52,5.6,8.8,10.18,6,6.03,10.4,5.12,4.96,3.34,5.49
2026-02-12,5.23,5.03,4.83,4.6,4.24,3.92,3.92,7.39,5.78,5.65,5.4,8.8,10.24,6,6.36,10.4,5.22,4.72,3.38,5.75
2026-02-13,5.45,5.16,4.94,4.82,3.86,3.92,3.68,7.54,6.1,5.52,5.53,8.87,10.29,6,6.67,10.65,5.12,4.83,3.28,5.87
2026-02-14,5.57,4.8,4.97,5.06,4.03,3.92,3.68,6.88,5.63,5.53,5.4,9.08,10.8,6.18,6.03,10.4,5.31,4.72,3.42,5.95
2026-02-15,5.68,5.06,4.72,4.6,3.7,3.97,3.76,7.08,5.84,5.52,5.62,8.8,9.58,6,5.92,10.79,5.5,4.95,3.44,5.5
2026-02-16,5.87,5.15,4.81,4.72,3.4,3.92,3.83,6.31,6.15,5.67,5.77,8.8,9,6,6.22,10.82,5.12,5.2,3.58,5.4
2026-02-17,6.06,4.8,4.72,4.82,3.57,3.92,3.87,6.55,5.6,5.52,5.4,9.2,9,6.21,6.51,10.4,5.3,5.33,3.28,5.52
2026-02-18,5.4,5.04,4.72,4.84,3.4,4,3.68,6.58,5.6,5.52,5.4,8.8,9.32,6,6,10.94,5.12,5.45,3.47,5.8
2026-02-19,5.42,5.07,4.77,5,3.44,4.2,3.68,5.81,5.66,5.52,5.53,9.2,9,6.13,6.23,11.42,5.22,5.02,3.53,6
2026-02-20,5.52,4.8,4.72,5.23,3.4,4.43,3.68,5.94,5.68,5.7,5.84,8.8,9.43,6.33,6.51,11.63,5.36,5.22,3.69,5.53
2026-02-21,5,4.83,4.86,4.83,3.5,3.93,3.8,5.8,5.9,5.99,5.92,9.12,9,6.58,5.92,10.67,5.5,4.72,3.28,5.4
2026-02-22,5.12,4.8,4.87,4.6,3.4,4.04,3.83,5.8,5.92,5.52,5.4,8.8,9,6.61,5.92,10.4,5.12,4.94,3.28,5.72
2026-02-23,5.37,4.95,4.72,4.83,3.4,3.92,3.68,5.8,5.94,5.52,5.42,8.8,9,6.78,6.21,10.4,5.12,4.72,3.35,5.4
2026-02-24,5.62,4.8,6.67,4.93,3.53,4.16,3.68,6.09,6.16,5.52,5.4,8.96,9.21,6,6.37,10.4,5.25,4.72,3.5,5.71
2026-02-25,5.74,4.8,6.02,4.6,3.54,4.23,3.68,6.32,6.21,5.57,5.4,8.8,9.61,6.11,5.92,10.48,5.12,4.86,3.62,5.4
2026-02-26,5.05,4.95,5.27,4.65,3.4,4.47,3.85,6.62,6.36,5.84,5.57,8.8,9.74,6.47,5.92,10.4,5.16,4.72,3.72,5.64
2026-02-27,5.08,4.96,4.82,4.81,3.61,4.66,3.89,6.89,6.37,6.13,5.4,9.01,9.84,6,5.92,10.4,5.12,4.72,3.81,5.4
2026-02-28,5.34,4.8,4.72,4.6,3.71,4.12,3.68,7,5.63,5.53,5.55,8.8,9,6.27,6.21,10.99,5.12,4.72,3.38,5.4
2026-03-01,6.04,4.86,5.36,5.17,4.15,4.66,4.05,7.88,5.6,6.26,6.24,8.8,10.14,7.07,6.88,12.24,5.71,4.73,3.28,5.4
2026-03-02,5.79,5.45,5.83,5.78,4.13,4.63,4.6,7.65,5.6,6.01,5.95,10.15,9.98,6.88,6.89,13.39,6.29,5.36,3.28,6.18
2026-03-03,5.79,6.06,6.35,5.68,4.6,4.43,5.21,8.55,6.12,5.91,6.53,9.75,11,7.52,6.81,12.82,7.14,5.92,3.28,6.93
2026-03-04,6.52,6.83,6.31,5.39,5.08,4.32,4.99,9.36,6.89,5.67,7.22,9.54,12.38,8.27,6.71,12.24,6.92,5.88,3.28,7.71
2026-03-05,7.18,7.61,7.01,5.32,4.83,4.2,5.58,10.35,7.63,5.52,7.93,10.88,13.85,8.04,7.43,11.78,7.55,5.69,3.28,8.46
2026-03-06,7.95,8.42,6.74,5.17,5.39,4.6,6.13,11.31,8.58,6.09,7.84,12.32,15.29,9.06,8.17,11.73,7.4,6.27,3.77,9.39
2026-03-07,8.92,8.08,7.53,5.16,5.89,5.22,5.93,10.75,8.25,6.86,8.78,13.48,17.01,8.67,7.86,11.77,7.26,6.24,4.26,8.98
2026-03-08,8.51,7.83,8.41,5.77,5.63,5.12,5.63,11.79,9.25,6.53,9.55,14.84,18.71,9.71,7.7,13.27,7.11,6.09,4.11,9.9
2026-03-09,8.12,7.53,8.15,6.36,5.5,5.66,6.32,13.1,8.85,7.25,10.48,16.43,17.82,9.22,8.42,12.8,7.89,5.83,4.05,10.81
2026-03-10,7.85,7.38,9.01,7.1,6.12,6.32,6.95,14.38,9.76,7.16,11.53,18.11,19.83,10.28,8.14,12.39,8.79,5.67,3.89,11.81
2026-03-11,7.49,8.02,8.69,7.97,5.89,6.03,7.72,13.55,9.36,6.85,10.98,19.89,18.98,11.5,9.2,13.88,9.56,6.27,3.71,12.91
2026-03-12,8.17,8.98,8.3,7.75,5.57,6.58,7.38,12.83,8.9,6.67,11.89,21.85,20.63,11.2,9.03,15.28,10.47,6.9,4.13,12.45
2026-03-13,8.89,8.71,7.92,7.52,6.23,6.24,8.1,12.29,9.71,7.31,11.39,23.7,22.83,12.17,9.92,15.08,9.91,6.55,4.5,13.69
2026-03-14,8.5,9.74,8.83,8.18,6.84,6.77,8.93,11.72,10.74,8.1,12.66,22.68,25.1,11.71,10.95,14.91,9.49,7.18,4.34,13.11
2026-03-15,9.5,10.7,8.54,7.83,6.54,7.43,9.71,11.17,11.85,7.99,12.17,21.68,24.02,11.4,10.42,14.49,9.12,6.81,4.82,14.38
2026-03-16,10.48,11.79,8.22,8.69,7.11,7.12,9.2,12.26,13.17,8.77,11.67,20.73,26.4,11.07,10.21,15.98,10.13,6.65,5.39,13.59
2026-03-17,11.42,12.9,9.06,8.25,6.76,6.82,8.82,13.61,12.73,8.58,12.88,22.62,25.28,12.13,9.77,15.73,9.78,6.58,6,14.74
2026-03-18,12.59,14.06,8.7,7.87,7.37,6.49,8.37,13.11,14,9.54,12.26,21.45,24.12,13.19,9.5,17.51,10.66,6.35,6.6,16.19
2026-03-19,13.73,15.46,8.43,8.76,8.12,7.24,8.1,12.65,15.48,10.38,13.47,20.35,26.48,14.44,9.2,19.6,11.61,7.17,6.37,17.62
2026-03-20,13.09,14.7,9.16,9.77,7.67,7.01,7.8,12.22,16.96,9.98,14.84,22.03,24.9,13.79,8.97,18.78,11.16,6.78,7.1,16.66
2026-03-21,12.35,14,10.14,10.69,8.32,6.77,8.46,11.73,18.36,9.73,16.18,24.22,23.54,13.21,9.88,20.53,10.62,6.67,6.83,18.04
2026-03-22,11.86,15.27,11.2,11.75,7.95,6.44,9.33,12.84,20.09,9.38,15.47,26.33,22.2,12.48,10.77,19.62,10.31,7.54,7.5,19.73
2026-03-23,12.87,16.79,10.56,12.73,8.72,6.22,10.27,14.24,21.95,8.9,14.66,28.93,24.07,12,11.84,18.82,9.84,7.36,8.13,21.52
2026-03-24,12.22,15.99,10,14.03,9.53,6.1,9.71,13.63,20.69,8.52,16.02,27.38,26.06,13.2,12.96,20.97,9.52,8.22,8.91,23.23
2026-03-25,13.52,15.06,9.69,15.43,10.44,6.71,10.61,13.04,22.56,8.35,17.5,29.59,24.99,12.54,12.34,23.09,10.58,9.03,9.63,22.04
2026-03-26,12.92,16.28,9.16,14.74,11.49,4.29,11.56,14.19,21.29,8.1,19.06,28.15,27.06,13.68,13.55,25.58,10.18,9.9,10.58,24.07
2026-03-27,12.17,17.8,10.07,15.93,12.55,4.68,12.56,15.47,23.29,7.69,20.76,26.84,25.6,13.2,12.91,28.22,9.65,9.49,10.09,26.02
2026-03-28,11.53,16.75,9.62,15.01,11.81,5.15,12.01,16.98,25.34,8.46,19.51,29.12,28.24,12.51,12.36,30.81,10.77,10.34,9.57,28.25
2026-03-29,11.1,18.31,9.23,16.45,11.15,5.74,13.19,16.11,24.07,9.31,18.61,27.77,30.61,12.15,13.64,33.75,10.36,11.42,9.05,26.5
2026-03-30,12.14,17.41,10.23,15.53,12.17,5.63,12.56,15.27,26.05,10.12,20.37,30.28,29.04,13.21,12.95,37,11.52,10.86,8.62,25.03
2026-03-31,13.29,19.02,9.78,14.68,13.16,5.37,13.79,14.5,28.15,9.56,22.19,32.76,27.76,14.38,14.17,40.29,11.03,12,9.5,23.56
2026-04-01,15.99,19.65,11.68,17.51,15.8,5.84,16.49,15.04,33.64,9.96,26.43,34.08,28.9,15.04,14.87,47.92,11.69,12.64,11.45,28.12
2026-04-02,19.14,23.53,12.28,18.1,16.3,6.33,17.21,15.84,34.81,10.35,27.56,35.17,34.85,15.78,15.62,49.6,13.94,13.39,13.81,33.52
2026-04-03,22.8,27.97,12.81,18.76,19.5,7.69,17.78,16.72,41.48,12.71,28.41,42.19,36.08,16.67,16.4,58.96,16.74,15.96,16.53,34.79
2026-04-04,23.74,33.23,15.31,22.58,23.3,9.33,21.29,19.92,42,15.45,33.97,50.64,37.54,17.27,17.03,60.71,17.35,16.77,19.76,40.5
2026-04-05,24.61,34.27,15.88,23.42,24.01,11.34,22.13,20.84,42,16.14,40.32,60.66,39.16,17.86,20.45,72.56,18.13,17.46,23.59,40.5
2026-04-06,29.24,36,18.91,27.88,24.78,13.66,26.36,24.82,42,16.84,40.5,62.51,40.68,21.36,24.37,78,21.56,18.32,24.39,40.5
2026-04-07,30.14,36,22.58,33.34,25.5,16.27,27.33,29.59,42,20.11,40.5,66,48.42,25.77,25.51,78,22.55,19.07,24.6,40.5
2026-04-08,35.91,36,26.91,34.5,25.5,16.84,27.6,30.84,42,23.98,40.5,66,58,26.7,26.45,78,23.55,22.93,24.6,40.5
2026-04-09,37.26,36,28,34.5,25.5,17.36,27.6,32.08,42,25.08,40.5,66,67.5,27.81,27.27,78,28.04,23.72,24.6,40.5
2026-04-10,37.5,36,29.07,34.5,25.5,20.63,27.6,38.23,42,30.12,40.5,63.34,67.5,28.72,28.35,78,29.09,24.52,24.6,40.5
2026-04-11,37.5,36,30.16,34.5,25.5,24.52,27.6,39.62,42,31.21,40.5,65.39,67.5,29.72,33.76,78,30.14,25.24,24.6,40.5
2026-04-12,37.5,36,31.33,34.5,25.5,25.27,27.6,43.5,42,32.15,40.5,66,67.5,30.87,40.33,78,31.35,30.29,24.6,40.5
2026-04-13,37.5,36,32.37,34.5,25.5,26.09,27.6,43.5,42,38.28,40.5,66,67.5,31.98,41.51,78,32.44,31.2,24.6,40.5
2026-04-14,37.5,36,35.4,34.5,25.5,29.4,27.6,43.5,42,39.41,40.5,66,67.5,32.97,42.98,78,33.41,32.12,24.6,40.5
2026-04-15,37.5,36,35.4,34.5,25.5,29.4,27.6,43.5,42,41.4,40.5,66,67.5,34.13,44.4,78,38.4,33.26,24.6,40.5
2026-04-16,37.5,36,35.4,34.5,25.5,29.4,27.6,43.5,42,41.4,40.5,66,67.5,35.17,44.4,78,38.4,35.4,24.6,40.5
2026-04-17,37.5,36,35.4,34.5,25.5,29.4,27.6,43.5,42,41.4,40.5,66,67.5,36.39,44.4,78,38.4,35.4,24.6,40.5
2026-04-18,37.5,36,35.4,34.5,25.5,29.4,27.6,43.5,42,41.4,40.5,66,67.5,37.6,44.4,78,38.4,35.4,24.6,40.5
2026-04-19,37.5,36,35.4,34.5,25.5,29.4,27.6,43.5,42,41.4,40.5,66,67.5,39.01,44.4,78,38.4,35.4,24.6,40.5
2026-04-20,37.5,36,35.4,34.5,25.5,29.4,27.6,43.5,42,41.4,40.5,66,67.5,45,44.4,78,38.4,35.4,24.6,40.5
2026-04-21,37.5,36,35.4,34.5,25.5,29.4,27.6,43.5,42,41.4,40.5,66,67.5,45,44.4,78,38.4,35.4,24.6,40.5
2026-04-22,37.5,36,35.4,34.5,25.5,29.4,26.19,43.5,42,41.4,40.5,66,67.5,45,44.4,78,38.4,35.4,24.6,40.5
2026-04-23,37.5,36,35.4,34.5,25.5,29.4,26.91,43.5,42,41.4,40.5,66,67.5,45,44.4,78,38.4,35.4,24.6,40.5
2026-04-24,37.5,36,35.4,34.5,25.5,29.4,27.6,43.5,42,41.4,40.5,66,67.5,45,44.4,78,38.4,35.4,24.6,40.5
2026-04-25,37.5,36,35.4,34.5,25.5,29.4,27.6,43.5,42,41.4,40.5,66,67.5,45,44.4,78,38.4,35.4,24.6,40.5
2026-04-26,37.5,36,35.4,34.5,25.5,29.4,27.6,43.5,42,41.4,40.5,66,67.5,45,44.4,78,38.4,35.4,24.6,40.5
2026-04-27,37.5,36,35.4,34.5,25.5,29.4,27.6,43.5,42,41.4,40.5,66,67.5,45,44.4,78,38.4,35.4,24.6,40.5
2026-04-28,37.5,36,35.4,34.5,25.5,29.4,27.6,43.5,42,41.4,40.5,66,67.5,45,44.4,78,38.4,35.4,24.6,40.5
2026-04-29,37.5,36,35.4,34.5,25.5,29.4,27.6,43.5,42,41.4,40.5,66,67.5,45,44.4,78,38.4,35.4,24.6,40.5
2026-04-30,37.5,36,35.4,34.5,25.5,29.4,27.6,43.5,42,41.4,40.5,66,67.5,45,44.4,78,38.4,35.4,24.6,40.5
2026-05-01,37.5,36,35.4,34.5,25.5,29.4,27.6,43.5,42,41.4,40.5,66,67.5,45,44.4,78,38.4,35.4,24.6,40.5
2026-05-02,37.5,36,35.4,34.5,25.5,29.4,27.6,43.5,42,41.4,40.5,66,67.5,45,44.4,78,38.4,35.4,24.6,40.5
2026-05-03,37.5,36,35.4,34.5,25.5,29.4,27.6,43.5,42,41.4,40.5,66,67.5,45,44.4,78,38.4,35.4,24.6,40.5
2026-05-04,37.5,36,35.4,34.5,25.5,29.4,27.6,43.5,42,41.4,40.5,66,67.5,45,44.4,78,38.4,35.4,24.6,40.5
2026-05-05,37.5,36,35.4,34.5,25.5,29.4,27.6,43.5,42,41.4,40.5,66,67.5,45,44.4,78,38.4,35.4,24.6,40.5
2026-05-06,37.5,36,35.4,34.5,25.5,29.4,27.6,43.5,42,41.4,40.5,66,67.5,45,44.4,78,38.4,35.4,24.6,40.5
2026-05-07,37.5,36,35.4,34.5,25.5,29.4,27.6,43.5,42,41.4,40.5,66,67.5,45,44.4,78,38.4,35.4,24.6,40.5
2026-05-08,37.5,36,35.4,34.5,25.5,29.4,27.6,43.5,42,41.4,40.5,66,67.5,45,44.4,78,38.4,35.4,24.6,40.5
2026-05-09,37.5,36,35.4,34.5,25.5,29.4,27.6,41,42,41.4,40.5,66,67.5,45,44.4,78,38.4,35.4,24.6,40.5
2026-05-10,37.5,36,35.4,34.5,25.5,29.4,27.6,42.2,42,41.4,40.5,66,67.5,45,44.4,78,38.4,35.4,24.6,40.5
2026-05-11,37.5,36,35.4,34.5,25.5,29.4,27.6,43.5,42,41.4,40.5,66,67.5,45,44.4,78,38.4,35.4,24.6,40.5
2026-05-12,37.5,36,35.4,34.5,25.5,29.4,27.6,43.5,42,41.4,40.5,66,67.5,45,44.4,78,38.4,35.4,24.6,40.5
2026-05-13,37.5,36,35.4,34.5,25.5,29.4,27.6,43.5,42,41.4,40.5,66,67.5,45,44.4,78,38.4,35.4,24.6,40.5
2026-05-14,37.5,36,35.4,34.5,25.5,29.4,27.6,43.5,42,41.4,40.5,66,67.5,45,44.4,78,38.4,35.4,24.6,40.5
2026-05-15,37.5,36,35.4,34.5,25.5,29.4,27.6,43.5,42,41.4,40.5,66,67.5,45,44.4,78,38.4,35.4,24.6,40.5
2026-05-16,37.5,36,35.4,34.5,25.5,29.4,27.6,43.5,42,41.4,40.5,66,67.5,45,44.4,78,38.4,35.4,24.6,40.5
2026-05-17,37.5,36,35.4,34.5,25.5,29.4,27.6,43.5,42,41.4,40.5,66,67.5,45,44.4,78,38.4,35.4,24.6,40.5
2026-05-18,37.5,36,35.4,34.5,25.5,29.4,27.6,43.5,42,41.4,40.5,66,67.5,45,44.4,78,38.4,35.4,24.6,40.5
2026-05-19,37.5,36,35.4,34.5,25.5,29.4,27.6,43.5,42,41.4,40.5,66,67.5,45,44.4,78,38.4,35.4,24.6,40.5
2026-05-20,37.5,36,35.4,34.5,25.5,29.4,27.6,43.5,42,41.4,40.5,66,67.5,45,44.4,78,38.4,35.4,24.6,40.5
2026-05-21,37.5,36,35.4,34.5,25.5,29.4,27.6,43.5,42,41.4,40.5,66,67.5,45,44.4,78,38.4,35.4,24.6,40.5
2026-05-22,37.5,36,35.4,34.5,25.5,29.4,27.6,43.5,42,41.4,40.5,66,67.5,45,44.4,78,38.4,35.4,24.6,40.5
2026-05-23,37.5,36,35.4,34.5,25.5,29.4,27.6,43.5,42,41.4,40.5,66,67.5,45,44.4,78,38.4,35.4,24.6,40.5
2026-05-24,37.5,36,35.4,34.5,25.5,29.4,27.6,43.5,42,41.4,40.5,66,67.5,45,44.4,78,38.4,35.4,24.6,40.5
2026-05-25,37.5,36,35.4,34.5,25.5,29.4,27.6,43.5,42,41.4,40.5,66,67.5,45,44.4,78,38.4,35.4,24.6,40.5
2026-05-26,37.5,36,35.4,34.5,25.5,29.4,27.6,43.5,42,41.4,40.5,66,67.5,45,44.4,78,38.4,35.4,24.6,40.5
2026-05-27,37.5,36,35.4,34.5,25.5,29.4,27.6,43.5,42,41.4,40.5,66,67.5,45,44.4,78,38.4,35.4,24.6,40.5
2026-05-28,37.5,36,35.4,34.5,25.5,29.4,27.6,43.5,42,41.4,40.5,66,67.5,45,44.4,78,38.4,35.4,24.6,40.5
2026-05-29,37.5,36,35.4,34.5,25.5,29.4,27.6,43.5,42,41.4,40.5,66,67.5,45,44.4,78,38.4,35.4,24.6,40.5
2026-05-30,37.5,36,35.4,34.5,25.5,29.4,27.6,43.5,42,41.4,40.5,66,67.5,45,44.4,78,38.4,35.4,24.6,40.5
2026-05-31,37.5,36,35.4,34.5,25.5,29.4,27.6,43.5,42,41.4,40.5,66,67.5,45,44.4,78,38.4,35.4,24.6,40.5
2026-06-01,37.5,36,35.4,34.5,25.5,29.4,27.6,43.5,42,41.4,40.5,66,67.5,45,44.4,78,38.4,35.4,24.6,40.5
2026-06-02,37.5,36,35.4,34.5,25.5,29.4,27.6,43.5,42,41.4,40.5,66,67.5,45,44.4,78,38.4,35.4,24.6,40.5
2026-06-03,37.5,36,35.4,34.5,25.5,29.4,27.6,43.5,42,41.4,40.5,66,67.5,45,44.4,78,38.4,35.4,24.6,40.5
2026-06-04,37.5,36,35.4,34.5,25.5,29.4,27.6,43.5,42,41.4,40.5,66,67.5,45,44.4,78,38.4,35.4,24.6,40.5
2026-06-05,37.5,36,35.4,34.5,25.5,29.4,27.6,43.5,42,41.4,40.5,66,67.5,45,44.4,78,38.4,35.4,24.6,40.5
2026-06-06,37.5,36,35.4,34.5,25.5,29.4,27.6,43.5,42,41.4,40.5,66,67.5,45,44.4,78,38.4,35.4,24.6,40.5
2026-06-07,37.5,36,35.4,34.5,25.5,29.4,27.6,43.5,42,41.4,40.5,66,67.5,45,44.4,78,38.4,35.4,24.6,40.5
2026-06-08,37.5,36,35.4,34.5,25.5,29.4,27.6,43.5,42,41.4,40.5,66,67.5,45,44.4,78,38.4,35.4,24.6,40.5
2026-06-09,37.5,36,35.4,34.5,25.5,29.4,27.6,43.5,42,41.4,40.5,66,67.5,45,44.4,78,38.4,35.4,24.6,40.5
2026-06-10,37.5,36,35.4,34.5,25.5,29.4,27.6,43.5,42,41.4,40.5,66,67.5,45,44.4,78,38.4,35.4,24.6,40.5
2026-06-11,37.5,36,35.4,34.5,25.5,29.4,27.6,43.5,42,41.4,40.5,66,67.5,45,44.4,78,38.4,35.4,24.6,40.5
2026-06-12,37.5,36,35.4,34.5,25.5,29.4,27.6,43.5,42,41.4,40.5,66,67.5,45,44.4,78,38.4,35.4,24.6,40.5
2026-06-13,37.5,36,35.4,34.5,25.5,29.4,27.6,43.5,42,41.4,40.5,66,67.5,45,44.4,78,38.4,35.4,24.6,40.5
2026-06-14,37.5,36,35.4,34.5,25.5,29.4,27.6,43.5,42,41.4,40.5,66,67.5,45,44.4,78,38.4,35.4,24.6,40.5
2026-06-15,37.5,36,35.4,34.5,25.5,29.4,27.6,43.5,42,41.4,40.5,66,67.5,45,44.4,78,38.4,35.4,24.6,40.5
2026-06-16,37.5,36,35.4,34.5,25.5,29.4,27.6,43.5,42,41.4,40.5,66,67.5,45,44.4,78,38.4,35.4,24.6,40.5
2026-06-17,37.5,36,35.4,34.5,25.5,29.4,27.6,43.5,42,41.4,40.5,66,67.5,45,44.4,78,38.4,35.4,24.6,40.5
2026-06-18,37.5,36,35.4,34.5,25.5,29.4,27.6,43.5,42,41.4,40.5,66,67.5,45,44.4,78,38.4,35.4,24.6,40.5
2026-06-19,37.5,36,35.4,34.5,25.5,29.4,27.6,43.5,42,41.4,40.5,66,67.5,45,44.4,78,38.4,35.4,24.6,40.5
2026-06-20,37.5,36,35.4,34.5,25.5,29.4,27.6,43.5,42,41.4,40.5,66,67.5,45,44.4,78,38.4,35.4,24.6,40.5
2026-06-21,37.5,36,35.4,34.5,25.5,29.4,27.6,43.5,42,41.4,40.5,66,67.5,45,44.4,78,38.4,35.4,24.6,40.5
2026-06-22,37.5,36,35.4,34.5,25.5,29.4,27.6,43.5,42,41.4,40.5,66,67.5,45,44.4,78,38.4,35.4,24.6,40.5
2026-06-23,37.5,36,35.4,34.5,25.5,29.4,27.6,43.5,42,41.4,40.5,66,67.5,45,44.4,78,38.4,35.4,24.6,40.5
2026-06-24,37.5,36,35.4,34.5,25.5,29.4,27.6,43.5,42,41.4,40.5,66,67.5,45,44.4,78,38.4,35.4,24.6,40.5
2026-06-25,37.5,36,35.4,34.5,25.5,29.4,27.6,43.5,42,41.4,40.5,66,67.5,45,44.4,78,38.4,35.4,24.6,40.5
2026-06-26,37.5,36,35.4,34.5,25.5,29.4,27.6,43.5,42,41.4,40.5,66,67.5,45,44.4,78,38.4,35.4,24.6,40.5
2026-06-27,37.5,36,35.4,34.5,25.5,29.4,27.6,43.5,42,41.4,40.5,66,67.5,45,44.4,78,38.4,35.4,24.6,40.5
2026-06-28,37.5,36,35.4,34.5,25.5,29.4,27.6,43.5,42,41.4,40.5,66,67.5,45,44.4,78,38.4,35.4,24.6,40.5
2026-06-29,37.5,36,35.4,34.5,25.5,29.4,27.6,43.5,42,41.4,40.5,66,67.5,45,44.4,78,38.4,35.4,24.6,40.5
2026-06-30,37.5,36,35.4,34.5,25.5,29.4,27.6,43.5,42,41.4,40.5,66,67.5,45,44.4,78,38.4,35.4,24.6,40.5
2026-07-01,37.5,36,35.4,34.5,25.5,29.4,27.6,43.5,42,41.4,40.5,66,67.5,45,44.4,78,38.4,35.4,24.6,40.5
2026-07-02,37.5,36,35.4,34.5,25.5,29.4,27.6,43.5,42,41.4,40.5,66,67.5,45,44.4,78,38.4,35.4,24.6,40.5
2026-07-03,37.5,36,35.4,34.5,25.5,29.4,27.6,43.5,42,41.4,40.5,66,67.5,45,44.4,78,38.4,35.4,24.6,40.5
2026-07-04,37.5,36,35.4,34.5,25.5,29.4,27.6,43.5,42,41.4,40.5,66,67.5,45,44.4,78,38.4,35.4,24.6,40.5
2026-07-05,37.5,36,35.4,34.5,25.5,29.4,27.6,43.5,42,41.4,40.5,66,67.5,45,44.4,78,38.4,35.4,24.6,40.5
2026-07-06,37.5,36,35.4,34.5,25.5,29.4,27.6,43.5,42,41.4,40.5,66,67.5,45,44.4,78,38.4,35.4,24.6,40.5
2026-07-07,37.5,36,35.4,34.5,25.5,29.4,27.6,43.5,42,41.4,40.5,66,67.5,45,44.4,78,38.4,35.4,24.6,40.5
2026-07-08,37.5,36,35.4,34.5,25.5,29.4,27.6,43.5,42,41.4,40.5,66,67.5,45,44.4,78,38.4,35.4,24.6,40.5
2026-07-09,37.5,36,35.4,34.5,25.5,29.4,27.6,43.5,42,41.4,40.5,66,67.5,45,44.4,78,38.4,35.4,24.6,40.5
2026-07-10,37.5,36,35.4,34.5,25.5,29.4,27.6,43.5,42,41.4,40.5,66,67.5,45,44.4,78,38.4,35.4,24.6,40.5
2026-07-11,37.5,36,35.4,34.5,25.5,29.4,27.6,43.5,42,41.4,40.5,66,67.5,45,44.4,78,38.4,35.4,24.6,40.5
2026-07-12,37.5,36,35.4,34.5,25.5,29.4,27.6,43.5,42,41.4,40.5,66,67.5,45,44.4,78,38.4,35.4,24.6,40.5
2026-07-13,37.5,36,35.4,34.5,25.5,29.4,27.6,43.5,42,41.4,40.5,66,67.5,45,44.4,78,38.4,35.4,24.6,40.5
2026-07-14,37.5,36,35.4,34.5,25.5,29.4,27.6,43.5,42,41.4,40.5,66,67.5,45,44.4,78,38.4,35.4,24.6,40.5
2026-07-15,37.5,36,35.4,34.5,25.5,29.4,27.6,43.5,42,41.4,40.5,66,67.5,45,44.4,78,38.4,35.4,24.6,40.5
2026-07-16,37.5,36,35.4,34.5,25.5,29.4,27.6,43.5,42,41.4,40.5,66,67.5,45,44.4,78,38.4,35.4,24.6,40.5
2026-07-17,37.5,36,35.4,34.5,25.5,29.4,27.6,43.5,42,41.4,40.5,66,67.5,45,44.4,78,38.4,35.4,24.6,40.5
2026-07-18,37.5,36,35.4,34.5,25.5,29.4,27.6,43.5,42,41.4,40.5,66,67.5,45,44.4,78,38.4,35.4,24.6,40.5
2026-07-19,37.5,36,35.4,34.5,25.5,29.4,27.6,43.5,42,41.4,40.5,66,67.5,45,44.4,78,38.4,35.4,24.6,40.5
2026-07-20,37.5,36,35.4,34.5,25.5,29.4,27.6,43.5,42,41.4,40.5,66,67.5,45,44.4,78,38.4,35.4,24.6,40.5
2026-07-21,37.5,36,35.4,34.5,25.5,29.4,27.6,43.5,42,41.4,40.5,66,67.5,45,44.4,78,38.4,35.4,24.6,40.5
2026-07-22,37.5,36,35.4,34.5,25.5,29.4,27.6,43.5,42,41.4,40.5,66,67.5,45,44.4,78,38.4,35.4,24.6,40.5
2026-07-23,37.5,36,35.4,34.5,25.5,29.4,27.6,43.5,42,41.4,40.5,66,67.5,45,44.4,78,38.4,35.4,24.6,40.5
2026-07-24,37.5,36,35.4,34.5,25.5,29.4,27.6,43.5,42,41.4,40.5,66,67.5,45,44.4,78,38.4,35.4,24.6,40.5
2026-07-25,37.5,36,35.4,34.5,25.5,29.4,27.6,43.5,42,41.4,40.5,66,67.5,45,44.4,78,38.4,35.4,24.6,40.5
2026-07-26,37.5,36,35.4,34.5,25.5,29.4,27.6,43.5,42,41.4,40.5,66,67.5,45,44.4,78,38.4,35.4,24.6,40.5
2026-07-27,37.5,36,35.4,34.5,25.5,29.4,27.6,43.5,42,41.4,40.5,66,67.5,45,44.4,78,38.4,35.4,24.6,40.5
2026-07-28,37.5,36,35.4,34.5,25.5,29.4,27.6,43.5,42,41.4,40.5,66,67.5,45,44.4,78,38.4,35.4,24.6,40.5
2026-07-29,37.5,36,35.4,34.5,25.5,29.4,27.6,43.5,42,41.4,40.5,66,67.5,45,44.4,78,38.4,35.4,24.6,40.5
2026-07-30,37.5,36,35.4,34.5,25.5,29.4,27.6,43.5,42,41.4,40.5,66,67.5,45,44.4,78,38.4,35.4,24.6,40.5
2026-07-31,37.5,36,35.4,34.5,25.5,29.4,27.6,43.5,42,41.4,40.5,66,67.5,45,44.4,78,38.4,35.4,24.6,40.5
2026-08-01,37.5,36,35.4,34.5,25.5,29.4,27.6,43.5,42,41.4,40.5,66,67.5,45,44.4,78,38.4,35.4,24.6,40.5
2026-08-02,37.5,36,35.4,34.5,25.5,29.4,27.6,43.5,42,41.4,40.5,66,67.5,45,44.4,78,38.4,35.4,24.6,40.5
2026-08-03,37.5,36,35.4,34.5,25.5,29.4,27.6,43.5,42,41.4,40.5,66,67.5,45,44.4,78,38.4,35.4,24.6,40.5
2026-08-04,37.5,36,35.4,34.5,25.5,29.4,27.6,43.5,42,41.4,40.5,66,67.5,45,44.4,78,38.4,35.4,24.6,40.5
2026-08-05,37.5,36,35.4,34.5,25.5,29.4,27.6,43.5,42,41.4,40.5,66,67.5,45,44.4,78,38.4,35.4,24.6,40.5
2026-08-06,37.5,36,35.4,34.5,25.5,29.4,27.6,43.5,42,41.4,40.5,66,67.5,45,44.4,78,38.4,35.4,24.6,40.5
2026-08-07,37.5,36,35.4,34.5,25.5,29.4,27.6,43.5,42,41.4,40.5,66,67.5,45,44.4,78,38.4,35.4,24.6,40.5
2026-08-08,37.5,36,35.4,34.5,25.5,29.4,27.6,43.5,42,41.4,40.5,66,67.5,45,44.4,78,38.4,35.4,24.6,40.5
2026-08-09,37.5,36,35.4,34.5,25.5,29.4,27.6,43.5,42,41.4,40.5,66,67.5,45,44.4,78,38.4,35.4,24.6,40.5
2026-08-10,37.5,36,35.4,34.5,25.5,29.4,27.6,43.5,42,41.4,40.5,66,67.5,45,44.4,78,38.4,35.4,24.6,40.5
2026-08-11,37.5,36,35.4,34.5,25.5,29.4,27.6,43.5,42,41.4,40.5,66,67.5,45,44.4,78,38.4,35.4,24.6,40.5
2026-08-12,37.5,36,35.4,34.5,25.5,29.4,27.6,43.5,42,41.4,40.5,66,67.5,45,44.4,78,38.4,35.4,24.6,40.5
2026-08-13,37.5,36,35.4,34.5,25.5,29.4,27.6,43.5,42,41.4,40.5,66,67.5,45,44.4,78,38.4,35.4,24.6,40.5
2026-08-14,37.5,36,35.4,34.5,25.5,29.4,27.6,43.5,42,41.4,40.5,66,67.5,45,44.4,78,38.4,35.4,24.6,40.5
2026-08-15,37.5,36,35.4,34.5,25.5,29.4,27.6,43.5,42,41.4,40.5,66,67.5,45,44.4,78,38.4,35.4,24.6,40.5
2026-08-16,37.5,36,35.4,34.5,25.5,29.4,27.6,43.5,42,41.4,40.5,66,67.5,45,44.4,78,38.4,35.4,24.6,40.5
2026-08-17,37.5,36,35.4,34.5,25.5,29.4,27.6,43.5,42,41.4,40.5,66,67.5,45,44.4,78,38.4,35.4,24.6,40.5
2026-08-18,37.5,36,35.4,34.5,25.5,29.4,27.6,43.5,42,41.4,40.5,66,67.5,45,44.4,78,38.4,35.4,24.6,40.5
2026-08-19,37.5,36,35.4,34.5,25.5,29.4,27.6,43.5,42,41.4,40.5,66,67.5,45,44.4,78,38.4,35.4,24.6,40.5
2026-08-20,37.5,36,35.4,34.5,25.5,29.4,27.6,43.5,42,41.4,40.5,66,67.5,45,44.4,78,38.4,35.4,24.6,40.5
2026-08-21,37.5,36,35.4,34.5,25.5,29.4,27.6,43.5,42,41.4,40.5,66,67.5,45,44.4,78,38.4,35.4,24.6,40.5
2026-08-22,37.5,36,35.4,34.5,25.5,29.4,27.6,43.5,42,41.4,40.5,66,67.5,45,44.4,78,38.4,35.4,24.6,40.5
2026-08-23,37.5,36,35.4,34.5,25.5,29.4,27.6,43.5,42,41.4,40.5,66,67.5,45,44.4,78,38.4,35.4,24.6,40.5
2026-08-24,37.5,36,35.4,34.5,25.5,29.4,27.6,43.5,42,41.4,40.5,66,67.5,45,44.4,78,38.4,35.4,24.6,40.5